,hotel name,mark,location
0,Allegro Agadir,4,"Bd 20 Aout Cite Balneaire, Agadir, Souss-Massa, Morocco"
1,Iberostar Founty Beach,4.5,"BP, Chemin Des Dunes, Agadir, Souss-Massa, Morocco"
2,Hotel Riu Palace Tikida Agadir,4.5,"Chemin des Dunes, Agadir, Souss-Massa, Morocco"
3,Hotel Argana,4,"Boulevard Mohamed V B.P 93, Agadir, Souss-Massa, Morocco"
4,Royal Mirage Agadir Hotel,4,"Boulevard Mohammed V, Agadir, Souss-Massa, Morocco"
5,Hotel Riu Tikida Dunas,4.5,"Chemin Des Dunes Bp 901, Agadir, Souss-Massa, Morocco"
6,Hotel Sofitel Agadir Royal Bay Resort,4.5,"Cite Founty P4, Agadir, Souss-Massa, Morocco"
7,Hotel RIU Tikida Beach,4,"Chemin Des Dunes, Agadir, Souss-Massa, Morocco"
8,Hotel Timoulay & Spa Agadir,4.5,"Cite Founty F6 Baie des Palmiers, Agadir, Souss-Massa, Morocco"
9,Hotel Agadir Beach Club,3.5,"Rue Oued Sous, Agadir, Souss-Massa, Morocco"
10,Tildi Hotel & SPA,4,"Rue Hubert Giraud, Agadir, Souss-Massa, Morocco"
11,Kenzi Europa Hotel,4,"Boulevard 20 aout, Agadir, Souss-Massa, Morocco"
12,Sofitel Agadir Thalassa Sea & Spa,4.5,"Baie des Palmiers, Agadir, Souss-Massa, Morocco"
13,Atlas Amadil Beach hotel,4,"Chemin des Dunes, Agadir, Souss-Massa, Morocco"
14,Atlantic Palace Hotel Agadir,4,"Secteur Touristique et Balneaire, BP 194, Agadir, Souss-Massa, Morocco"
15,Hotel Club Al Moggar Garden Beach,3,"Boulevard Mohamed V, Agadir, Souss-Massa, Morocco"
16,Riad Villa Blanche,4.5,"Baie Des Palmiers N 50, Agadir, Souss-Massa, Morocco"
17,Hotel Kamal,4,"Boulevard Hassan II, Agadir, Souss-Massa, Morocco"
18,White Beach Resort Taghazout,4.5,"Tamraght, Agadir, Souss-Massa, Morocco"
19,Dar Maktoub,4.5,"Avenue Moulay Ali Cherif, Agadir, Souss-Massa, Morocco"
20,Foutour & Sarir Riad,4.5,"12 Rue Sidi Boukanedl, Agadir, Souss-Massa, Morocco"
21,Riad Atlas Kasbah,5,"Tighanimine El Baz, Agadir, Souss-Massa, Morocco"
22,Riad Les Chtis D'Agadir,4.5,"27 Rue Houmane El Fetouaki, Agadir, Souss-Massa, Morocco"
23,Hotel Riu Palace Tikida Taghazout,4.5,"Taghazout Bay, Taghazout, Souss-Massa, Morocco"
24,ROBINSON Agadir,4.5,"Chemin des Dunes, Agadir, Souss-Massa, Morocco"
25,Residence Intouriste,3.5,"Lot G9 Founty, Agadir, Souss-Massa, Morocco"
26,Hotel Le Tivoli,3,"Blvd du 20 Aout, Agadir, Souss-Massa, Morocco"
27,Tikida Golf Palace,4.5,"Km 7 Route de Bensergao, Agadir, Souss-Massa, Morocco"
28,Riad des Golfs,4.5,"Chemin des Francais, Agadir, Souss-Massa, Morocco"
29,MIA Hotels Agadir,4.5,"Commune Urbaine d'Agadir, Agadir, Souss-Massa, Morocco"
30,Studiotel Afoud,4,"Rue de la foire, Agadir, Souss-Massa, Morocco"
31,Golden Beach Appart Hotel,4,"3 Secteur C Z.Touristique Founty Sonaba , Lot., Agadir, Souss-Massa, Morocco"
32,Riad Dar Haven,4.5,"Quartier Ait Soual, Tamraght, Agadir, Souss-Massa, Morocco"
33,Club Med Marrakech La Palmeraie,4.5,"Sidi Yahya la Palmeraie, Marrakech, Marrakech-Safi, Morocco"
34,Atlantic Palm Beach Apart Hotel,4,"1 Cite Founty A, Agadir, Souss-Massa, Morocco"
35,Royal Decameron Tafoukt Beach Hotel,4,"Boulevard du 20 Aout, Agadir, Souss-Massa, Morocco"
36,Caribbean Village Agador,3.5,"Boulevard Du 20 Aout, Agadir, Souss-Massa, Morocco"
37,Palais des Roses,3.5,"Secteur Touristique et Balneaire, Cite Founty, Agadir, Souss-Massa, Morocco"
38,Hotel Sud Bahia,2.5,"Rue des Administrations Publiques, Agadir, Souss-Massa, Morocco"
39,Aferni Hotel,4,"Avenue du General Kettani 80000 Agadir Morocco, Agadir, Souss-Massa, Morocco"
40,LABRANDA Les Dunes d'Or,4,"Agadir, Souss-Massa, Morocco"
41,Hyatt Place Taghazout Bay,4.5,"Station Touristique de Taghazout Bay Km 17, Taghazout, Souss-Massa, Morocco"
42,Hotel Residence Rihab,2,"Agadir, Souss-Massa, Morocco"
43,"Radisson Blu Resort, Taghazout Bay Surf Village",4.5,"Avenue Hassan II, Taghazout, Souss-Massa, Morocco"
44,Anezi Tower Hotel,3.5,"Bd Mohammed V, BP 29, Agadir, Souss-Massa, Morocco"
45,Igoudar Aparthotel,3.5,"Blvd du 20 Aout, Agadir, Souss-Massa, Morocco"
46,Atlantic Hotel Agadir,4,"BP 53 Avenue Hassan II, Agadir, Souss-Massa, Morocco"
47,Suite Hotel Tilila,4,"Avenue General Kettani, Agadir, Souss-Massa, Morocco"
48,Appart Hotel Tagadirt,3,"Boulevard du 20 Aout, Agadir, Souss-Massa, Morocco"
49,El Pueblo Tamlelt,3,"Blvd du 20 Aout Tamlelt, Agadir, Souss-Massa, Morocco"
50,Senator Agadir Hotel,3.5,"Avenue Abderrahim Bouabid, Agadir, Souss-Massa, Morocco"
51,Odyssee Park Hotel,3.5,"Boulevard Mohamed V, Agadir, Souss-Massa, Morocco"
52,Oasis Hotel & Spa,3,"Rue Granada, Agadir, Souss-Massa, Morocco"
53,Auberge des Cascades,3.5,"Ida Outamane, Imouzzer des Ida Outanane, Souss-Massa, Morocco"
54,Les Omayades Hotel,3,"Secteur Balneaire, Agadir, Souss-Massa, Morocco"
55,Port de Plaisance Marina Agadir,3.5,"Place Tamri Talborjt Agadir, Agadir, Souss-Massa, Morocco"
56,Hotel Sindibad,4.5,"Place Lahcen Ou Brahim Tamri, Talborjt, Agadir, Souss-Massa, Morocco"
57,Paradis Plage Surf Yoga & Spa,4.5,"Km 26 Route d'Essaouira, Imi Ouaddar, Souss-Massa, Morocco"
58,Yalah Surf,5,"7, Taghazout Centre, Taghazout, Souss-Massa, Morocco"
59,Surf Taghazout,5,"km 20 Route d'Essaouira, Taghazout, Souss-Massa, Morocco"
60,Villa Surya Yoga & Meditation Retreat by Dfrost almugar S.a.r.l. Morocco,5,"Imi Ouaddar 13, Imi Ouaddar, Souss-Massa, Morocco"
61,Residence Yasmina Agadir,4,"Rue de la Jeunesse, Agadir, Souss-Massa, Morocco"
62,Hyatt Regency Taghazout,4.5,"Km 17 Essaouira Road, Taghazout, Souss-Massa, Morocco"
63,Surf Coast Morocco,5,"30 Panorama Street, Taghazout, Souss-Massa, Morocco"
64,Residence Hoteliere Fleurie,4,"Rue de la Foire, Agadir, Souss-Massa, Morocco"
65,Banana Surf Morocco,5,"Agadir, Souss-Massa, Morocco"
66,The Surf Hotel,5,"Route d'Essaouira, Tamraght, Agadir, Souss-Massa, Morocco"
67,The Lunar Surf House,5,"En Route to Essaouira, Tamraght, Agadir, Souss-Massa, Morocco"
68,Valeria Jardins D'Agadir Resort,4,"Rue Oued Souss, Agadir, Souss-Massa, Morocco"
69,Maroc-Oasis,4.5,"Sidi Bibi, Ben Gammoud, Agadir, Souss-Massa, Morocco"
70,Omega Hotel,3.5,"G11 Lotissement Founty, Agadir, Souss-Massa, Morocco"
71,Flathotel Agadir,3,"Baie Des Palmairs, Agadir, Souss-Massa, Morocco"
72,Sahara Hotel Agadir,3,"Blvd Mohammed V, Agadir, Souss-Massa, Morocco"
73,Hotel Dar Zitoune,5,"Boutarialt El Barrania, Taroudant, Souss-Massa, Morocco"
74,Hilton Taghazout Bay Beach Resort & Spa,4.5,"Station Touristique De Taghazout Bay, Taghazout, Souss-Massa, Morocco"
75,Aloha Surf Camp Maroc,4.5,"Route de Taghazout, Tamraght, Agadir, Souss-Massa, Morocco"
76,Surf House Morocco,5,"Hay Ait Soual, Tamraght, Agadir, Souss-Massa, Morocco"
77,Salt House Morocco,5,"Tamraght Oufella N27 Dr Skoutti, Tamraght, Agadir, Souss-Massa, Morocco"
78,Jaz Mirabel Beach,4.5,"Nabq Bay, Sharm El Sheikh, South Sinai, Red Sea and Sinai, Egypt"
79,Magador Al Madina Hotel,3,"Blvd du 20 Aout, secteur Balneaire, Agadir, Souss-Massa, Morocco"
80,New Farah Hotel,3.5,"Rue de la Foire, Agadir, Souss-Massa, Morocco"
81,Surf Berbere Surf Camp Taghazout,4.5,"Taghazout, Souss-Massa, Morocco"
82,Dar Liouba,4.5,"28 Impasse Moulay Ismail, Essaouira, Marrakech-Safi, Morocco"
83,Palais Oumensour,4.5,"Borj Oumensour Tadjount Taroudant, Taroudant, Souss-Massa, Morocco"
84,Bagus Surf Camp,5,"Tamraght Village, Tamraght, Agadir, Souss-Massa, Morocco"
85,Marhaba,3,"BP 346 Avenue Hassan II, Agadir, Souss-Massa, Morocco"
86,Residence Amwaj,2.5,"Rue de la Foire, Agadir, Souss-Massa, Morocco"
87,Borjs Hotel Suites & Spa,4,"Secteur Touristique, Agadir, Souss-Massa, Morocco"
88,Royal Mirage Agadir,3.5,"Boulevard Mohammed V, Agadir, Souss-Massa, Morocco"
89,Hotel El Andalous Lounge & Spa,3,"Avenue President Kennedy, Marrakech, Marrakech-Safi, Morocco"
90,Khalij Agadir Hotel & Spa,3,"Secteur Balneaire, Agadir, Souss-Massa, Morocco"
91,La Ferme Grenadine,5,"Km 44 Ouled Teima, Agadir, Souss-Massa, Morocco"
92,Chillout Surf Hostel,5,"Tamraght, Agadir, Souss-Massa, Morocco"
93,Hamilton Agadir,2.5,"Boulevard Mohammed V, Agadir, Souss-Massa, Morocco"
94,L'Auberge Taghazout,4.5,"Centre Ville, Taghazout, Souss-Massa, Morocco"
95,La Suite Hotel Agadir,3,"Founty Zone Touristique, Agadir, Souss-Massa, Morocco"
96,Mabrouk Hotel & Suites,3.5,"Bd du 20 aout, secteur balniere, Agadir, Souss-Massa, Morocco"
97,Amani Hotel,4,"11 Rue Abou Bakr Seddiq, Marrakech, Marrakech-Safi, Morocco"
98,Hotel Islane,4,"279 Avenue Mohammed VI, Marrakech, Marrakech-Safi, Morocco"
99,Tamaght Surf Hostel,5,"Morocco Road To Taghazout Village, Tamraght, Agadir, Souss-Massa, Morocco"
100,Kasbah Tabelkoukt,4.5,"4 km After Mirleft, On the Way To Sidi Ifni, Mirleft, Souss-Massa, Morocco"
101,Sunshine Surf Morocco,5,"Villa Sunshine, Dr Skoutti, Tamraght, Agadir, Souss-Massa, Morocco"
102,Cli Surf House Morocco,5,"Tamraght, Agadir, Souss-Massa, Morocco"
103,Munga Guesthouse,4.5,"Rue Iwlit, Taghazout, Souss-Massa, Morocco"
104,Villa Mandala - Yoga Retreat,5,"Aourir Beach, Aourir, Souss-Massa, Morocco"
105,Bianca Beach Family & Resort,3.5,"Marina d'Agadir, Agadir, Souss-Massa, Morocco"
106,Africa Extrem Taghazout Apartments,4.5,"136 Essaouira Road, Taghazout, Souss-Massa, Morocco"
107,World of Waves,4.5,"Front de Mer, Douar Taghazout, Taghazout, Souss-Massa, Morocco"
108,Local Surf Maroc,5,"Rue de la Mosquee, Tamraght, Agadir, Souss-Massa, Morocco"
109,Riad El Aissi,4.5,"Km 3 Village Talaa Direction Agadir Par Amscroud, Taroudant, Souss-Massa, Morocco"
110,La Petite Suede,3.5,"Avenue Hassan II, Agadir, Souss-Massa, Morocco"
111,Auberge Kasbah Chez Amaliya,4,"Ameln Valley, BP 41, Tafraoute, Souss-Massa, Morocco"
112,Domaine Villate Limoune,4.5,"KM 40 N10 Ain Chaib, Oulad Teima, Souss-Massa, Morocco"
113,Riad Imourane,4,"KM15 Route d'Essaouira Agadir, Tamraght, Agadir, Souss-Massa, Morocco"
114,Nassim Hotel,3.5,"115 Bd., Mohammed V, Gueliz, Marrakech, Marrakech-Safi, Morocco"
115,Free Surf Maroc,5,"Route d'Essaouira, Km 14, Tamraght, Agadir, Souss-Massa, Morocco"
116,Surfstay-Taghazout,5,"Taghazout Center, Taghazout, Souss-Massa, Morocco"
117,Dar Banana,5,"Hay Assrkit, Agadir, Souss-Massa, Morocco"
118,Hotel El Bahia,4.5,"Rue El Mahdi Bin Toummert, Agadir, Souss-Massa, Morocco"
119,He'e Nalu Surf Camp,5,"Hay Tissaliouine, Tamraght, Agadir, Souss-Massa, Morocco"
120,La Porte des Etoiles,4.5,"No 141 Bloc E 5 - Cite Dakhla, Agadir, Souss-Massa, Morocco"
121,The Surf Hostel,4.5,"Taghazout Center, Taghazout, Souss-Massa, Morocco"
122,Appart-hotel Founty Beach,2.5,"Lot A8 SONABA Founty, Agadir, Souss-Massa, Morocco"
123,Ondiraitlesud,4.5,"Oasis Amtoudi BP 112, Taghjijt, Guelmim-Oued Noun, Morocco"
124,Taghazout Surf Waves,5,"Taghazout Centre Florida Restaurant, Taghazout, Souss-Massa, Morocco"
125,Follow The Sun,5,"1 Tamawanza, Aourir, Souss-Massa, Morocco"
126,Ocean Atlantic View,3.5,"Sonaba Founty, Agadir, Souss-Massa, Morocco"
127,Hotel Littoral,4,"Km 12 Vers Taghazout-Aourir, Awrir, Agadir, Souss-Massa, Morocco"
128,Surf Paradise Morocco,5,"Route de Essouira, Tamraght, Agadir, Souss-Massa, Morocco"
129,Riad de l'Olivier,5,"Akesri Route D'Imouzzer Idaou Tanane, Imouzzer des Ida Outanane, Souss-Massa, Morocco"
130,Dar Randigaba,5,"Bab Agafay Av Allal Ben Abdellah, Taroudant, Souss-Massa, Morocco"
131,Villa du Souss,5,"Dr Fouk Jerf Temsia, Agadir, Souss-Massa, Morocco"
132,Les 3 Chameaux,4.5,"Fort de tidli, Mirleft, Souss-Massa, Morocco"
133,Riad Jnane Ines,4.5,"Ain Lamdiouar, Taroudant, Souss-Massa, Morocco"
134,La Vida Surf,4.5,"Ait Ahmed, Taghazout, Souss-Massa, Morocco"
135,Africaspirit Morocco,5,"Taghazout Centre, Taghazout, Souss-Massa, Morocco"
136,Appartement Hotel Sofines,4.5,"10 Lot.Founty.Zone Hoteliere.Secteur A.Lot.A, Agadir, Souss-Massa, Morocco"
137,Devils Rock Surf Camp,4.5,"Route d'Essaouira, Agadir, Souss-Massa, Morocco"
138,Tigmi Ocean Glory,5,"Hay Tissaliouine, Tamraght, Agadir, Souss-Massa, Morocco"
139,Villa Solaria,4.5,"Douar Essahel Tamraght, Tamraght, Agadir, Souss-Massa, Morocco"
140,Oasis de Tiout,4.5,"Douar Tagadirt Ndouche, Tiout, Souss-Massa, Morocco"
141,Hotel Al Mamoun,4.5,"42 Lotissement Najah, Pres de Marjane Inezgane, Inezgane, Agadir, Souss-Massa, Morocco"
142,Aftas Beach Guest House,4.5,"Aftas Beach, Mirleft, Souss-Massa, Morocco"
143,Riad Dar Dzahra,4.5,"73 Derb Aka, Taroudant, Souss-Massa, Morocco"
144,Surf Stay,4.5,"18 Appt No 4, Immeuble (Block), Taghazout, Souss-Massa, Morocco"
145,Original Surf Morocco,5,"Tamraght, Agadir, Souss-Massa, Morocco"
146,La Source Taghazout,4.5,"KM 22 Route d'Essaaouira, Agadir, Souss-Massa, Morocco"
147,Ranch Les 2 Gazelles,4.5,"Mirleft, Souss-Massa, Morocco"
148,Tigmi Bulbul Hotel,4.5,"Douar Amtoudi, Taghjijt, Guelmim-Oued Noun, Morocco"
149,Riad Taroudant Palmiers,4,"Boulevard le Prince Heriter, Taroudant, Souss-Massa, Morocco"
150,Riad Dar Foundouk & Spa,4,"3 Derb Sidi Bouharba Hart Soura, Marrakech, Marrakech-Safi, Morocco"
151,Dynamic Loisirs,4.5,"Bp 6241, Agadir, Souss-Massa, Morocco"
152,Dar Nour El Houda,5,"3 Derb Lahdhiri, Marrakech, Marrakech-Safi, Morocco"
153,Dar Ilham,5,"13 Km , Route de Fes, Marrakech, Marrakech-Safi, Morocco"
154,Dar Rocmarra,5,"Derb el Halfaoui, 29, Bab Doukkala, Marrakech, Marrakech-Safi, Morocco"
155,Solid Surf House Morocco,5,"Tamraght, Agadir, Souss-Massa, Morocco"
156,Riad Dar Sbihi,5,"25, Derb Taht El-Khochba,, Marrakech, Marrakech-Safi, Morocco"
157,Sally's B&B,5,"Les Amicales, Mirleft, Souss-Massa, Morocco"
158,Riad Karam Hotel,2.5,"Cite Founty, Agadir, Souss-Massa, Morocco"
159,Residence Igoudar Apartments,3,"Boulevard 20, Agadir, Souss-Massa, Morocco"
160,Hotel Tafoukt,4,"116 Avenue Quatrieme D.M.M, Marrakech, Marrakech-Safi, Morocco"
161,Villa Azur,4,"Route D'essaouira, Tamraght, Agadir, Souss-Massa, Morocco"
162,Fort Bou-Jerif,4,"Bp 504, Guelmim, Guelmim-Oued Noun, Morocco"
163,La Dune,4,"Marokko, Sidi R'bat, Souss-Massa, Morocco"
164,Hotel Sahara,2.5,"Av Okba Ibnou Nafiaa, Essaouira, Marrakech-Safi, Morocco"
165,Hotel La Tour du Sud,3.5,"Avenue Kennedy, Talborjt, Agadir, Souss-Massa, Morocco"
166,Ksar Massa,3.5,"Plage de Sidi Rbat, Agadir, Souss-Massa, Morocco"
167,Auberge Restaurant Le Safran,3.5,"Centre Taliouine, Taliouine, Souss-Massa, Morocco"
168,Hotel des Palmiers,3.5,"Avenue du Prince Sidi Mohamed, Agadir, Souss-Massa, Morocco"
169,Dar al Hossoun,5,"Quartier Hossoun, Sidi Mbark, Taroudant, Souss-Massa, Morocco"
170,Sunset Surfhouse,5,"Village Tamraght Route de Taghazout, Tamraght, Agadir, Souss-Massa, Morocco"
171,Hashpoint Surf Camp,4.5,"107 Rue Tayoughte, Taghazout, Souss-Massa, Morocco"
172,Desert Surf Morocco,5,"Route to Essaouira, Tamraght, Agadir, Souss-Massa, Morocco"
173,Riad Janoub,5,"193 Rue de La Grande Mosquee, Tiznit, Souss-Massa, Morocco"
174,The Yogi Surfer,5,"Tissaliouine Entre Rue 35 Et CPR 238 TF 2-13-424, Tamraght, Agadir, Souss-Massa, Morocco"
175,Palais Salam,3,"Avenue Moulay Ismail, Taroudant, Souss-Massa, Morocco"
176,"Riad L'Orchidee Suites, SPA & table d'hotes",4.5,"42-43 Sidi Bouamar - Riad Laarouss, Marrakech, Marrakech-Safi, Morocco"
177,Paradies Quad,5,"Hay Soual, Tamraght, Agadir, Souss-Massa, Morocco"
178,Sirayane Boutique Hotel & Spa,5,"Km 8 Route D'Amezmiz, Marrakech, Marrakech-Safi, Morocco"
179,Les Amicales Agadir Morocco,5,"Apartment 9 Imm 79, GH20 B, Essaada 2, Agadir, Souss-Massa, Morocco"
180,Logis La Marine,5,"1 Av. Prince Moulay Abdallah, Sidi Ifni, Souss-Massa, Morocco"
181,Un The au bout du Monde,4.5,"BP 147 Mirleft, Mirleft, Souss-Massa, Morocco"
182,Salt Skin Surf House,5,"Hay Zgoumi, Tamraght, Agadir, Souss-Massa, Morocco"
183,Reves d'Oasis,5,"Bloc 6, Nr 1, Ait Melloul, Agadir, Souss-Massa, Morocco"
184,Riad Eden Blue,5,"Douar Sahel, Tamraght, Agadir, Souss-Massa, Morocco"
185,Maroc Surf Camp Villa,5,"Hay Tissaluine, Tamraght, Agadir, Souss-Massa, Morocco"
186,Appart'Hotel Eden Beach,5,"Km 26, Route d_Essaouira, Imi Ouaddar, Souss-Massa, Morocco"
187,Fairmont Taghazout Bay,4.5,"Km 17, Route D'Essaouira, Taghazout, Souss-Massa, Morocco"
188,Blue Waves Surf House Anza,5,"9 Projet Social, Agadir, Souss-Massa, Morocco"
189,Riad El Koudia,5,"Douar El Koudia, El Koudia El Beida, Souss-Massa, Morocco"
190,Hotel Almoggar Garden Beach,3.5,"BV Mohamed V, Agadir, Souss-Massa, Morocco"
191,Go Surf Morocco,5,"Zgoumi Street Tamraght, Agadir, Souss-Massa, Morocco"
192,Tizourgane Kasbah,4,"BP 63 Idaougnidif, Touchant, Souss-Massa, Morocco"
193,L'Ane Vert,4.5,"Douar Zaouia, Tafedna, Marrakech-Safi, Morocco"
194,Villa Riadana,4.5,"Domaine de Riades Bensergao, Agadir, Souss-Massa, Morocco"
195,Tigmi Surf Morocco,5,"Km 14 Taghazoom, Tamraght, Agadir, Souss-Massa, Morocco"
196,Kasbah Gousteau,4.5,"Sidi Amara, Taroudant, Souss-Massa, Morocco"
197,Surf Camp Taghazout,5,"N 27 Rue Tasga Oudrar, Taghazout, Souss-Massa, Morocco"
198,Maison D'hotes Tiwaline,4.5,"21 Rue Casablanca, Sidi Ifni, Souss-Massa, Morocco"
199,Residence Sacha,4.5,"Place de la Jeunesse, Agadir, Souss-Massa, Morocco"
200,El Malara,5,"1 Route des Rochers Peints, Tafraoute, Souss-Massa, Morocco"
201,Moroccan Surf Journey,5,"Hay Tissaliouine, Tamraght, Agadir, Souss-Massa, Morocco"
202,Moroccan Surf Adventures,5,"Imi Ouaddar, Souss-Massa, Morocco"
203,Maison Anarjis B&B,5,"No 3 Rue 1055, Inezgane, Agadir, Souss-Massa, Morocco"
204,Dar Fatima,4.5,"Grande rue, Taroudant, Souss-Massa, Morocco"
205,La Tour De Toile,4.5,"Village Dachra Ouled Brahim, Commune Rur, Taroudant, Souss-Massa, Morocco"
206,Riad Le Jardin de Lea,4.5,"41 Derb El Mezgour, Marrakech, Marrakech-Safi, Morocco"
207,Riad Anma,5,"Route d'Oulad Aarfa, Taroudant, Souss-Massa, Morocco"
208,Riad Maia,5,"12 Tassoukt Ighezifen, Taroudant, Souss-Massa, Morocco"
209,Hotel L'Arganier D'Ammelne,4.5,"4 km De Tafraoute Sur La Route d'Agadir, Tafraoute, Souss-Massa, Morocco"
210,Villa Sunset B&B,4.5,"Rue de Essauira km 11, Aourir, Souss-Massa, Morocco"
211,Camel Safari Camp,5,"Ksar Hassilabied-Merzouga, Merzouga, Draa-Tafilalet, Morocco"
212,Riad Auberge Zolado,5,"Km 69 sur la route de Marrakech, Tazarine, Souss-Massa, Morocco"
213,Olo Surf House,4.5,"445 Lotissement Amadel, Imsouane, Souss-Massa, Morocco"
214,Maison Darna Guesthouse,5,"Hay Tamraght, Tamraght, Agadir, Souss-Massa, Morocco"
215,Hotel Royal,3,"Avenue Mohamed 5, Agadir, Souss-Massa, Morocco"
216,Le Rio Appart-hotel,4,"Avenue Mohammed 6, Tangier, Tanger-Tetouan-Al Hoceima, Morocco"
217,Jnan El Harti,2,"30 Rue Cadi Ayad, Marrakech, Marrakech-Safi, Morocco"
218,Feelin'good Resort,4,"16 10th Mile Post (Km, Ella, Uva Province, Sri Lanka"
219,Palais Riad Hida,4,"Riad HidaOuled Berhil.Province Taroudant, Taroudant, Souss-Massa, Morocco"
220,Riad du Pecheur Safi,4.5,"1 Rue de la Crete, Safi, Marrakech-Safi, Morocco"
221,Roof House Taghazout,5,"34 Rue Irguen, Taghazout, Souss-Massa, Morocco"
222,Riad Dar Najat,5,"Derb Lalla Chacha 18, Marrakech, Marrakech-Safi, Morocco"
223,Belle de Mai,4,"7 km El-ghazoua, Essaouira, Marrakech-Safi, Morocco"
224,Aftas surf House beach Apartments,4,"55 Rue Ayought, Taghazout, Souss-Massa, Morocco"
225,Terre d'Ocean Camping,4,"BP 186, Poste d'Aourir, Taghazout, Souss-Massa, Morocco"
226,Villa Saada,4,"Km 15 Route d'Agadir, Essaouira, Marrakech-Safi, Morocco"
227,Residence Hoteliere Rofaida,4,"Secteur H, Parcelle N 3 , Founty, Agadir, Souss-Massa, Morocco"
228,Dar Naima Auberge Cafe Restaurant,3.5,"99 Imsouane, Imsouane, Souss-Massa, Morocco"
229,Lunja Village,3.5,"Km 30 Route D Essaouira, Imi Ouaddar, Souss-Massa, Morocco"
230,Residence Agyad,2,"Secteur Balneaire Et Touristique Cite Founty, Agadir, Souss-Massa, Morocco"
231,Teranga Hotel & SPA,3.5,"Rue Capitaine Ben Ali Belhaj, Marrakech, Marrakech-Safi, Morocco"
232,Hotel Ribis,2.5,"Avenue Hassan II, Agadir, Souss-Massa, Morocco"
233,Auberge Askaoun,3.5,"Bp 98 Rn 10, Taliouine, Souss-Massa, Morocco"
234,Zen Surf Morocco,5,"Rue de la Plage - Banana Beach, Tamraght, Agadir, Souss-Massa, Morocco"
235,Riad Dar Emotion,5,"18 Rue Maleck Ben El Morahal, Essaouira, Marrakech-Safi, Morocco"
236,Dar Najmat,4.5,"Plage Sidi Mohammed Ben Abdallah, Mirleft, Souss-Massa, Morocco"
237,Escale Rando Taliouine - chambres d'hotes,4.5,"Province de Taroudant, Taliouine, Souss-Massa, Morocco"
238,Hotel Villa Soleil,4.5,"Sidi Kaouki, Marrakech-Safi, Morocco"
239,Riad Al Andaluz,4.5,"71, Diour Jdad Zaouia El Abassia, Marrakech, Marrakech-Safi, Morocco"
240,Lapoint Surf Camp Morocco,4.5,"Taghazout, Souss-Massa, Morocco"
241,Riad Dar Assalama,4.5,"5 Rue Allal El Ouaqaoui, derb Agadir, Essaouira, Marrakech-Safi, Morocco"
242,Riad des Etoiles,4.5,"120, Derb Ahel Sousse, Marrakech, Marrakech-Safi, Morocco"
243,Les Terrasses de l'Atlas,5,"Douar Afensou, Taroudant, Souss-Massa, Morocco"
244,Hotel Tifrit,4.5,"Vallee du Paradis Imouzzer Ida Outanane Region d'Agadir, Agadir, Souss-Massa, Morocco"
245,Blue Mind Surf & Yoga Tribe,5,"Hay Tissalouine, Tamraght, Agadir, Souss-Massa, Morocco"
246,Riad Wow,4.5,"9, Jbel Lakhdar R'mila, Marrakech, Marrakech-Safi, Morocco"
247,Residence Tislit,4,"Avenue du prince heritier Sidi Med, Agadir, Souss-Massa, Morocco"
248,La Maison Des Artistes (LMDA),4.5,"19 Rue Laalouj, Essaouira, Marrakech-Safi, Morocco"
249,DarZahia,5,"175 Derb Chrif, Taroudant, Souss-Massa, Morocco"
250,Villa Daba,5,"BP 164 Douar El Ghazoua, Essaouira, Marrakech-Safi, Morocco"
251,Dar Tourkia,5,"Al Kassbah, Taroudant, Souss-Massa, Morocco"
252,Terres D'Amanar,4.5,"245, Avenue Mohammed V, Tahanaout, Marrakech-Safi, Morocco"
253,Riad Dar Afram,4.5,"10 Rue Sidi Magdoul, Essaouira, Marrakech-Safi, Morocco"
254,Riad Al Zahia,4.5,"4 Rue Mohammed Diouri, Essaouira, Marrakech-Safi, Morocco"
255,Villa Taghazout Bay - La Cle des Agadirs,4.5,"Douar Tamawanza, Aourir, Souss-Massa, Morocco"
256,Hotel Al Alba,4.5,"35 Lot. Nakhil, Asilah, Tanger-Tetouan-Al Hoceima, Morocco"
257,Ibis Casa Sidi Maarouf,3.5,"La Colline II Sidi Maarouf, Casablanca, Casablanca-Settat, Morocco"
258,Hostal Tarifa,4,"Calle de La Batalla del Salado 40, Tarifa, Costa de la Luz, Andalucia, Spain"
259,Riad Le Grand Large,4,"2 Rue Oum Rabia, Essaouira, Marrakech-Safi, Morocco"
260,Essaouira Wind Palace,4,"15 Avenue l'Istiqlal, Essaouira, Marrakech-Safi, Morocco"
261,Hotel Ryad Mogador Essaouira,3,"BP 368 Route de Marrakech, Essaouira, Marrakech-Safi, Morocco"
262,Ibis Hotel Essaouira,3.5,"Route de Marrakech, Essaouira, Marrakech-Safi, Morocco"
263,Kasbah Tizzarouine,3.5,"Route de Tinerhir, Boumalne Dades, Souss-Massa, Morocco"
264,Hotel Le Fint,3.5,"Kasbah de Taourirte Avenue Med V, Ouarzazate, Draa-Tafilalet, Morocco"
265,Riad Alboraq,5,"49 Derb Taht Sour Lakbir, Marrakech, Marrakech-Safi, Morocco"
266,ibis Marrakech Palmeraie Hotel,3.5,"Avenue Abdelkrim Khettabi, Marrakech, Marrakech-Safi, Morocco"
267,Hotel Salama,4,"Centre Ville Tafraout, Tafraoute, Souss-Massa, Morocco"
268,Hotel Kasbah Erg Chebbi,4.5,"Merzouga, Draa-Tafilalet, Morocco"
269,Al Maaden Villahotel & Spa,3.5,"Sidi Youssef Ben Ali, Marrakech, Marrakech-Safi, Morocco"
270,AdventureKeys,4.5,"Taghazout center behind Lapaix Restaurant N8, Taghazout, Souss-Massa, Morocco"
271,Dar Loulema,4.5,"2 Rue Souss, Essaouira, Marrakech-Safi, Morocco"
272,Hotel Cecil,4,"Derb Sidi Bouloukate, Marrakech, Marrakech-Safi, Morocco"
273,Dfrost Almugar Surf and Yoga - Taghazout Villa,4.5,"Taghazout Centre, Taghazout, Souss-Massa, Morocco"
274,Villa Gonatouki,5,"Km 8 Route d'Agadir, Ghazoua, Essaouira, Marrakech-Safi, Morocco"
275,Surf Maroc Taghazout Villa,5,"Centre Ville, Taghazout, Souss-Massa, Morocco"
276,Hotel Ali,3.5,"Rue Moulay Ismail, Marrakech, Marrakech-Safi, Morocco"
277,Desert Bivouac,5,"BP32 Centre Villages, M'Hamid, Souss-Massa, Morocco"
278,Iberostar Club Palmeraie Marrakech,4.5,"6 Commune Rurale Ouidane, Marrakech, Marrakech-Safi, Morocco"
279,Opera Plaza Hotel,4,"Angle Avenue Mohammed VI et Avenue Hassan II, Marrakech, Marrakech-Safi, Morocco"
280,Hotel Najib Agadir,5,"Avenue Hassan 1er cite al massira, Agadir, Souss-Massa, Morocco"
281,Riad La Rose Du Desert,4.5,"181 Arset Aouzal Bab Doukala, Marrakech, Marrakech-Safi, Morocco"
282,Mogador Menzah,3,"Boulevard Mohamed VI, Marrakech, Marrakech-Safi, Morocco"
283,Zephyr Agadir,3,"Agadir, Souss-Massa, Morocco"
284,Riad Les Ammonites,4.5,"Derb el Cadi 51, Marrakech, Marrakech-Safi, Morocco"
285,Hotel Kasbah Sahara Services,4.5,"Abdelkhalek Benalila, M'Hamid, Souss-Massa, Morocco"
286,Kahena Lifestyle Concept,5,"34 Derb Sarij, Marrakech, Marrakech-Safi, Morocco"
287,Maroc Lodge,5,"Douar Regraga, Amizmiz, Marrakech-Safi, Morocco"
288,Riad El Wiam,5,"24 - 25 derb Gnaoua Ben Saleh, Marrakech, Marrakech-Safi, Morocco"
289,Tamraght Hospitality Hostel,5,"Tamraght, Agadir, Souss-Massa, Morocco"
290,Royal Hotel,5,"Boulevard Mohamed V, Agadir, Souss-Massa, Morocco"
291,Easy Surf Maroc,5,"1 Hay Tissaliouline, Tamraght, Agadir, Souss-Massa, Morocco"
292,Anza Surf House,5,"14 Bloc B Dallas, Anza, Agadir, Souss-Massa, Morocco"
293,Mascaret House Lodge & Surf,5,"Hay Zgoumi, Tamraght, Agadir, Souss-Massa, Morocco"
294,Residence Hotel Azour,4.5,"Avenue 29 Fevrier, Agadir, Souss-Massa, Morocco"
295,Auberge Kahina,4.5,"Imsouane Plage, Agadir, Souss-Massa, Morocco"
296,Surf And Friends Pension Complete Surf Yoga Navette,5,"Douar Sahel, Tamraght, Agadir, Souss-Massa, Morocco"
297,Maison Marocaine,4.5,"S/N Route de Valture, Agadir, Souss-Massa, Morocco"
298,Sidi Yusef Home,4.5,"N 91 Sidi Youssef Erac Agadir, Agadir, Souss-Massa, Morocco"
299,Manor House Kandy,4,"Katugastota-Kurunegala Road, Nugawela, Kandy District, Central Province, Sri Lanka"
300,Hotel Palais Saguia,5,"Douar Ait Tament - Ait Igas, Taroudant, Souss-Massa, Morocco"
301,Riad Essadia,4.5,"Hay El Mohite Avenue Mohamed V, Tan-Tan, Guelmim-Oued Noun, Morocco"
302,Riad Louis d'Orient,4.5,"N 3 Derb Ben Rahmoun El Kebir, Bab Taghzoute, Marrakech, Marrakech-Safi, Morocco"
303,Le Nid d'Aigle,4.5,"Route d'Aglou, Tiznit, Souss-Massa, Morocco"
304,Surf Therapy Morocco,5,"Hay Tamaouanza, Aourir, Souss-Massa, Morocco"
305,Palais Prestige du Souss,5,"Ouled Berhill, Taroudant, Souss-Massa, Morocco"
306,Dar Mizik,4.5,"Douar Mzzik, Imlil, Marrakech-Safi, Morocco"
307,Dar Amethyste,4.5,"Route Principale du Tizi N'test, Ouirgane, Marrakech-Safi, Morocco"
308,Amtoudi Aventure,5,"Tigmi Asonfo, Amtoudi, Guelmim-Oued Noun, Morocco"
309,Taghazout Sea Surf,5,"Taghazout, Souss-Massa, Morocco"
310,Hotel Ocean Vagabond Essaouira,4,"4 Boulevard Lalla Aicha, Essaouira, Marrakech-Safi, Morocco"
311,Mogador Express Gueliz,3,"Avenue Hassan II, Marrakech, Marrakech-Safi, Morocco"
312,Dar Limoun Amara,4,"71 Derb Jemaa, Marrakech, Marrakech-Safi, Morocco"
313,Assounfou Apart-Hotel,3,"Angle Rue Imam Malek et Rue Ibn, Marrakech, Marrakech-Safi, Morocco"
314,Residence ISNI,4,"Av. Prince Mly Abdellah .B.P :800, Agadir, Souss-Massa, Morocco"
315,Shems Apartments,3.5,"Rue de l'Hotel de Ville, Agadir, Souss-Massa, Morocco"
316,Aparthotel by Paradis Plage,3.5,"KM 27 Route D'essaouira, Agadir, Souss-Massa, Morocco"
317,Africa Surf Maroc,3,"Tamraght, Agadir, Souss-Massa, Morocco"
318,Imsouane Bay Auberge,2.5,"Aftas Imsouane, Agadir, Souss-Massa, Morocco"
319,Le Beachclub,4,"Route de Tiznit a 10 Km de Sidi- Ifni, Sidi Ifni, Souss-Massa, Morocco"
320,Surf'n Morocco,4,"Imsouane, Souss-Massa, Morocco"
321,Hotel Du Golf Mohammedia,4,"Corner Of Ibn Toumert  And Boutaleb, Mohammedia, Casablanca-Settat, Morocco"
322,Surfari Morocco,1.5,"Hassan II, Taghazout, Souss-Massa, Morocco"
323,Riad Lamin,3,"Derb Zemouri Rue El Gza N134, Bab Doukalla,, Marrakech, Marrakech-Safi, Morocco"
324,Dar Chadia,1,"Rue Alim Chatatani, Casablanca, Casablanca-Settat, Morocco"
325,Hotel Nidaros,3,"Assa, Guelmim-Oued Noun, Morocco"
326,Hotel Le Calme,3,"Village Idaougourd bouzama, Essaouira, Marrakech-Safi, Morocco"
327,Maison d'Hotes Kasbah La Cigogne,4.5,"Tamdaght, Ait Ben Haddou, Souss-Massa, Morocco"
328,Le Tapis Rouge,4.5,"Commanster 22, Vielsalm, Luxembourg Province, The Ardennes, Wallonia, Belgium"
329,Riad Cheburgena Tamraght,4.5,"Village Tissaliwine Tamraght Aourir, Agadir, Souss-Massa, Morocco"
330,Family Surf Camp & Yoga,5,"Hay Sahel, Tamraght, Agadir, Souss-Massa, Morocco"
331,Taghazout Waves,4.5,"Taghazout, Souss-Massa, Morocco"
332,Happy Surf Hostel,4.5,"Taghazout Center, Taghazout, Souss-Massa, Morocco"
333,Amoudou Lodge Camp,4.5,"Akka Nait Sidi, Tissint, Guelmim-Oued Noun, Morocco"
334,Allegro Hotel,3.5,"Ross Street, Saint Julian's, Island of Malta, Malta"
335,Surf Safari Morocco,5,"Route D'Essaouira, Tamraght, Agadir, Souss-Massa, Morocco"
336,SDN Surf Morocco,5,"Essahel, Tamraght, Agadir, Souss-Massa, Morocco"
337,Surf Hostel Morocco,5,"Village Tamraght Rd, N1, Tamraght, Agadir, Souss-Massa, Morocco"
338,Crocro Surf Maroc,5,"Hay Zgoumi,Taghazout Bay, Tamraght, Agadir, Souss-Massa, Morocco"
339,Kenzi Bougafer,2.5,"Boulevard Mohamed V, Tinerhir, Souss-Massa, Morocco"
340,Riad Hotel l'Arganier d'Or,4,"Zaouiat Ifergane, Taroudant, Souss-Massa, Morocco"
341,Riad Aylal,4.5,"Rue abdessalam El Abbadi, Essaouira, Marrakech-Safi, Morocco"
342,Olo Surf & Nature - Dar Zitoun,4.5,"551 Lot Amadel, Imsouane, Souss-Massa, Morocco"
343,Riad Al Ghaliya,4.5,"90, Zaouia, Marrakech, Marrakech-Safi, Morocco"
344,Dar Kenavo,4.5,"Douar Bouzama - BP344, Ghazoua, Essaouira, Marrakech-Safi, Morocco"
345,Hyatt Regency Casablanca,4.5,"Place des Nations Unies, Casablanca, Casablanca-Settat, Morocco"
346,Residence Asaka,2.5,"No. 101 Avenue Hassan II, Agadir, Souss-Massa, Morocco"
347,Hotel Residence Louban,3,"Avenue Mohamed VI, Agadir, Souss-Massa, Morocco"
348,Anezi Tower Hotel,3,"Boulevard Mohammed V, Agadir, Souss-Massa, Morocco"
349,Dar Aalida,4,"Sidi Kaouki, Marrakech-Safi, Morocco"
350,Auberge Souktana,3.5,"Mohamed 5 Route De La Kasbah De Taliouine, Taliouine, Souss-Massa, Morocco"
351,Riad Al Mida,3,"185 Derb Sidi Messaoud, Rue El Gza Bab Doukkala, Marrakech, Marrakech-Safi, Morocco"
352,Camping el barco,3,"Sidi Ifni, Souss-Massa, Morocco"
353,Hotel Riu Tikida Palmeraie,4,"Route Fes, Km 6, Marrakech, Marrakech-Safi, Morocco"
354,Hotel Riu Palace Meloneras,4.5,"Calle Mar Mediterraneo, S/N, Maspalomas, Gran Canaria, Canary Islands, Spain"
355,Movenpick Resort Sharm El Sheikh,4.5,"Naama Bay, Sharm El Sheikh, South Sinai, Red Sea and Sinai, Egypt"
356,Hotel Riu Palace Tikida Agadir,3,"Rte de L'Oued Sous S/N, Agadir, Souss-Massa, Morocco"
357,Riad Karmela,4.5,"10 Derb El Feranne Azbetz, Marrakech, Marrakech-Safi, Morocco"
358,Le Vizir Center Park & Resort,4,"Oulad Ben Rahmon, Route de Casablanca, Marrakech, Marrakech-Safi, Morocco"
359,Novotel Casablanca City Center Hotel,3.5,"Angle Zaid Ouhmad, Casablanca, Casablanca-Settat, Morocco"
360,Sheraton Paris Charles de Gaulle Airport Hotel,4,"Terminal 2C, Tremblay-En-France, Seine-Saint-Denis, Ile-de-France, France"
361,Waverider Hostel,5,"Hay Ait Seoual, Tamraght, Agadir, Souss-Massa, Morocco"
362,Borj Biramane,4.5,"Douar Icht BP74, Fam El Hisn, Guelmim-Oued Noun, Morocco"
363,Dar el Calame,5,"Derb Hidada, 15, Marrakech, Marrakech-Safi, Morocco"
364,Riad Le Jasmin,4.5,"Commune Sidi Dahmane, Taroudant, Souss-Massa, Morocco"
365,La Kasbah du M'Goun - Ait Bouguemez,4.5,"Aguerd N'Ouzrou, Tabant, Beni Mellal-Khenifra, Morocco"
366,Villa Rayane,4.5,"Km 17 Route de Fes Ouled Hassoun, Marrakech, Marrakech-Safi, Morocco"
367,Riad K,5,"29 Derb Nkhale Quartier Rahba Lakdima, Marrakech, Marrakech-Safi, Morocco"
368,La Maison de l'Homme Bleu,5,"Oasis Tighmert, Guelmim, Guelmim-Oued Noun, Morocco"
369,Sun Bivouac Chegaga,5,"Erg Chigaga El Gouera BP8, El Gouera, Souss-Massa, Morocco"
370,Aftas Trip,5,"Route Sidi Ifni, Mirleft, Souss-Massa, Morocco"
371,Le Camp Bedouin,4.5,"Sans, Laayoune, Laayoune-Sakia El Hamra, Morocco"
372,Riad Hermes,4.5,"Bab Laksour - 58 Derb Snan, Marrakech, Marrakech-Safi, Morocco"
373,La Palmeraie de Massa,5,"Douar Ifentar, Massa, Souss-Massa, Morocco"
374,White and Blue,4.5,"15 Rue Laghrissi, Essaouira, Marrakech-Safi, Morocco"
375,Kasbah Hotel Ziz Palace Rissani,4.5,"N13, Rissani, Meknes-Tafilalet Region, Morocco"
376,Atlantica Parc Imiouaddar,4,"KM 27 Au Nord D_Agadir Route D_Essaouira a 7 Km Au Nord de Taghazout, Imi Ouaddar, Souss-Massa, Morocco"
377,Surf Lovers Morocco,5,"Hay Tissaliouine,, Tamraght, Agadir, Souss-Massa, Morocco"
378,Hotel Le Medina Essaouira Thalassa sea & spa - MGallery,4,"Avenue Mohamed V, Essaouira, Marrakech-Safi, Morocco"
379,Kasbah Hotel Said,5,"19 Avenue Mohammed V, Erfoud, Meknes-Tafilalet Region, Morocco"
380,Riad Kerdouss,5,"81, Arzet Aouzal, Marrakech, Marrakech-Safi, Morocco"
381,Nomades - Maison d'Hotes,4.5,"Oasis Tighmert, Guelmim, Guelmim-Oued Noun, Morocco"
382,Riad BenSaid,4.5,"1 Derb El Bir, Riad Zitoun Lakdim, Medina, Marrakech, Marrakech-Safi, Morocco"
383,Riad Zahir,4.5,"Derb Sidi Bou Ameur No 36, Marrakech, Marrakech-Safi, Morocco"
384,Dar Diamar,5,"Bp 1344, Essaouira, Marrakech-Safi, Morocco"
385,Kasbah La Datte D'or,4.5,"Douar Rouha, Skoura, Ouarzazate, Draa-Tafilalet, Morocco"
386,Riad Dar Etto,4.5,"Km 8 ghazoua, Ghazoua, Essaouira, Marrakech-Safi, Morocco"
387,Dakhla Evasion,4.5,"Pk 27, Dakhla, Dakhla-Oued Ed Dahab, Morocco"
388,Kasbah Titrit & Spa,4.5,"Kasbah Titrit, Ait Ben Haddou, Tamedakhte, Ait Ben Haddou, Souss-Massa, Morocco"
389,Woodstock Hostel,5,"24 Rue Ellabbana, Essaouira, Marrakech-Safi, Morocco"
390,Riad Batchisarai,5,"26 Derb El Amer  Fes Medina, Fes, Fes-Meknes, Morocco"
391,Hotel Palais Al Bahja,4,"33 Rue Ibn Al Qadi, Marrakech, Marrakech-Safi, Morocco"
392,Riad Lalla Mogador,4,"12 Rue de l'Iraq, Essaouira, Marrakech-Safi, Morocco"
393,Auberge Les Amis,4,"Place Moulay Rachid, Tafraoute, Souss-Massa, Morocco"
394,Hanane Club,3,"227 Avenue Erraha, Ouarzazate, Draa-Tafilalet, Morocco"
395,Le Littoral,2.5,"Boulevard De L'Ocean Atlantique, Casablanca, Casablanca-Settat, Morocco"
396,Slimania Flat Apart,3.5,"11, Residence Slimania, Rue Al Mostaqbal- Lot Ali ou Hmad, Marrakech, Marrakech-Safi, Morocco"
397,Hotel Majestic,2.5,"Derb Laalouj, Essaouira, Marrakech-Safi, Morocco"
398,Hotel de Paris,3.5,"31 Avenue Hassan II, Tiznit, Souss-Massa, Morocco"
399,Hotel Berlin,3,"261 Boulevard Mohamed V, Rabat, Rabat-Sale-Kenitra, Morocco"
400,Hotel Rania Belmadina,3.5,"32 Bd Du 9 Avril, Casablanca, Casablanca-Settat, Morocco"
401,Hotel Riu Vistamar,4.5,"Avenida de la Cornisa, Puerto Rico, Gran Canaria, Canary Islands, Spain"
402,Kenzi Club Agdal Medina,4.5,"Blvd Mohamed VI, Marrakech, Marrakech-Safi, Morocco"
403,AEQUORA Lanzarote Suites,4.5,"Calle Urano, S/N, Puerto Del Carmen, Tias, Lanzarote, Canary Islands, Spain"
404,Aqua Mirage Marrakech Hotel Club,4,"Km 5, Route de Tahanaout, Marrakech, Marrakech-Safi, Morocco"
405,Dar Del Mare,5,"18 Rue Josef Amiel, El Jadida, Casablanca-Settat, Morocco"
406,The Purple Camel Hostel,4.5,"21 Derb Sidi, Marrakech, Marrakech-Safi, Morocco"
407,Dar Choumissa,4.5,"14 Derb Labzioui, Marrakech, Marrakech-Safi, Morocco"
408,Chez laila,5,"Dar Rouha BP45, Skoura, Ouarzazate, Draa-Tafilalet, Morocco"
409,Domaine Villa Talaa Resort,5,"Douar Talaa, Taroudant, Souss-Massa, Morocco"
410,Hotel Riad Le Lieu,4.5,"273 Impasse Issaoui, Tiznit, Souss-Massa, Morocco"
411,Riad Arocha,4,"28 derb R'hamna, Marrakech, Marrakech-Safi, Morocco"
412,Al Fath Hotel,3.5,"6 Et 8 Rue Skala, Essaouira, Marrakech-Safi, Morocco"
413,East West Hotel,3,"10 Avenue Hassan Souktani, Casablanca, Casablanca-Settat, Morocco"
414,L'Etoile de Mogador,4,"El Ouaqaoui, Essaouira, Marrakech-Safi, Morocco"
415,Riad Jemalhi Mogador,3.5,"6 Rue Sidi Ahmed Ouharoune, Essaouira, Marrakech-Safi, Morocco"
416,Iberostar Playa Gaviotas Park,4.5,"Pasaje Playa 3, Playa de Jandia, Pajara, Jandia Peninsula, Fuerteventura, Canary Islands, Spain"
417,Maison Tigmi Ozro,5,"Boulevard Mokhtar Soussi, Tafraoute, Souss-Massa, Morocco"
418,Argana Hotel,4.5,"Imiane Road, Tafraoute, Souss-Massa, Morocco"
419,Palais Claudio Bravo,4.5,"Route De Tamaloukt, Taroudant, Souss-Massa, Morocco"
420,Maison Ka,5,"N.12, Derb Essaadi, Marrakech, Marrakech-Safi, Morocco"
421,Dar Zemrane,4.5,"28, derb Zemrane, Marrakech, Marrakech-Safi, Morocco"
422,Riad Asma,5,"Jnane Gousrir Bizamare, Taroudant, Souss-Massa, Morocco"
423,Agadir Well,5,"Rue Las Palmas from Boulevard Legzira, Mirleft, Souss-Massa, Morocco"
424,Le Refuge Hotel Auberge Agadir,2.5,"Route Immouzar Akesri, Agadir, Souss-Massa, Morocco"
425,Takad Dream Hostel Agadir,3,"Impasse General Kettani V.N Agadir, Agadir, Souss-Massa, Morocco"
426,Marina Agadir,3,"Agadir, Souss-Massa, Morocco"
427,Caribbean Village Tamlelt,3.5,"Boulevard Mohammed V, Agadir, Souss-Massa, Morocco"
428,Movenpick Hotel Munchen Airport,4,"Ludwigstr. 43, Hallbergmoos, Upper Bavaria, Bavaria, Germany"
429,Hotel Parador,3.5,"Place EL Makhzine, Chefchaouen, Tanger-Tetouan-Al Hoceima, Morocco"
430,Le Relais de Marrakech,4,"Route de Casablanca N9, Marrakech, Marrakech-Safi, Morocco"
431,Azul Guest House Taghazout Bay,5,"N1, Tamraght, Agadir, Souss-Massa, Morocco"
432,Villa Amaryllis,4.5,"Km 8 El Ghazoua, Essaouira, Marrakech-Safi, Morocco"
433,Riad Konouz,5,"Bab Doukkala Rue Elgza Derb Zemmouri N114, Marrakech, Marrakech-Safi, Morocco"
434,Zagora Luxury Desert Camp,5,"Zagora Desert, Zagora, Souss-Massa, Morocco"
435,Riad Zelaka,4.5,"9 Rue Zelaka, Essaouira, Marrakech-Safi, Morocco"
436,Palais Dar Ouladna,4.5,"69 Jawhar, Marrakech, Marrakech-Safi, Morocco"
437,Riad Amani,4.5,"50 Derb Roda -, Marrakech, Marrakech-Safi, Morocco"
438,Riad Ida Ou Balou,4.5,"127, rue Bab Taghzout, Marrakech, Marrakech-Safi, Morocco"
439,Dar Qamar,4.5,"Route d'Aslim - Lieu dit Talaarste, Agdz, Souss-Massa, Morocco"
440,Riad Louaya,4.5,"24 Derb El Halfaoui Dar El Bacha, Marrakech, Marrakech-Safi, Morocco"
441,Riad Dar Nafoura,4.5,"30 Rue Ibn Khaldoun, Essaouira, Marrakech-Safi, Morocco"
442,Hotel Vent des Dunes,4.5,"Quartier des Dunes, Essaouira, Marrakech-Safi, Morocco"
443,Riad Taroudant,4.5,"243 Av. Al Qods, Taroudant, Souss-Massa, Morocco"
444,Riad Habib,4.5,"14, Derb Aabid Allah, Marrakech, Marrakech-Safi, Morocco"
445,Mountain Riad,4.5,"Ait Bihi, Taghazout, Souss-Massa, Morocco"
446,Riad Le Cheval Blanc,4.5,"26 derb El Kaouss, Safi, Marrakech-Safi, Morocco"
447,Dar Mouna Mogador,4.5,"44 Rue Ibn Khaldoun, Essaouira, Marrakech-Safi, Morocco"
448,Dar Louisa,5,"253 Derb Laafou, Taroudant, Souss-Massa, Morocco"
449,Robinson Daidalos,4.5,"Antimachia, Kos, Dodecanese, South Aegean, Greece"
450,Hotel Bellevue,4,"Place Hassan II, Sidi Ifni, Souss-Massa, Morocco"
451,Mercure Quemado Resort Hotel,4.5,"Place Mohamed V, Al Hoceima, Taza-Al Hoceima-Taounate Region, Morocco"
452,Novotel Marrakech Hivernage,3.5,"Rue Haroun Errachid, Marrakech, Marrakech-Safi, Morocco"
453,L'Initiale Hotel-Restaurant,4,"Oualidia Plage, Oualidia, Casablanca-Settat, Morocco"
454,Iberostar Royal Andalus,4.5,"Calle Amilcar Barca, Novo Sancti Petri, Chiclana de la Frontera, Costa de la Luz, Andalucia, Spain"
455,"Radisson Blu Hotel, Casablanca City Center",4,"2 Boulevard Mohamed Diouri, Casablanca, Casablanca-Settat, Morocco"
456,Riad Elixir,4.5,"Rue Bounouala, Marrakech, Marrakech-Safi, Morocco"
457,Dar el Khamlia,5,"Ksar Khamlia, Merzouga, Draa-Tafilalet, Morocco"
458,Dar Caravane,4.5,"Rte d'Agadir, Essaouira, Marrakech-Safi, Morocco"
459,Salt Surf,5,"Centre Taghazout, Taghazout, Souss-Massa, Morocco"
460,Riad Aderbaz,4.5,"40 Derb Al Foundouk, Marrakech, Marrakech-Safi, Morocco"
461,HOTEL Bab Rimal,4,"Douar Amezrou Route De Zagora, Foum Zguid, Guelmim-Oued Noun, Morocco"
462,Riad Hotel Assia,3.5,"32, calle de la Recette, Marrakech, Marrakech-Safi, Morocco"
463,Hotel Les Amandiers,3.5,"Bp. 10, Tafraoute, Souss-Massa, Morocco"
464,Palais Namaskar,4.5,"Route de Bab Atlas, No 88/69, Marrakech, Marrakech-Safi, Morocco"
465,Amouage by Surf Maroc,5,"Route d' Essaouira, Taghazout, Souss-Massa, Morocco"
466,Riad & Spa Esprit du Maroc,4.5,"12 a 17 Derb Belbekkar Zaouit Lhardar, Marrakech, Marrakech-Safi, Morocco"
467,Manzil La Tortue,5,"Km 12, Route de Ouarzazate, Marrakech, Marrakech-Safi, Morocco"
468,Palais Sebban,4.5,"43 Derb Moulay Abdellah Ben Hsseine, Marrakech, Marrakech-Safi, Morocco"
469,Riad Tafilag,5,"31 Derb Taffelaght, Taroudant, Souss-Massa, Morocco"
470,La Fibule d'Or,4.5,"Ait Ben Haddou, Ait Ben Haddou, Souss-Massa, Morocco"
471,Riad Tamdakhte,5,"Ait Ben Haddou, Souss-Massa, Morocco"
472,Dar Sahil,5,"B.P 1044 Avenue, Essaouira, Marrakech-Safi, Morocco"
473,Kaktus Hostel,4.5,"21 Rue Kennaria Derb Zaari, Marrakech, Marrakech-Safi, Morocco"
474,Riad Kafila,5,"Rue Yamen 4bis, Essaouira, Marrakech-Safi, Morocco"
475,Le Pietri Urban Hotel,4.5,"4, rue Tobrouk, Rabat, Rabat-Sale-Kenitra, Morocco"
476,Riad L'Arabesque,4.5,"1 Rue El Kennaria, Marrakech, Marrakech-Safi, Morocco"
477,Riad Dar Othmane,4.5,"198, Derb Essakaya -, Marrakech, Marrakech-Safi, Morocco"
478,Riad Aicha,5,"Bp: 51, Merzouga, Draa-Tafilalet, Morocco"
479,Riad O Gre du Vent,5,"8 Rue Kuwait, Essaouira, Marrakech-Safi, Morocco"
480,Astra Damus Hotel,4.5,"Derb el Maada 42 - 43, Marrakech, Marrakech-Safi, Morocco"
481,Riad Sara,4.5,"17 Derb El Gabasse, Fes, Fes-Meknes, Morocco"
482,Bab el Oued Maroc Ecolodge,5,"Palmeraie Mezguita_, Agdz, Souss-Massa, Morocco"
483,Kaouki Lodge,5,"Piste pour ID Mbarek, Essaouira, Marrakech-Safi, Morocco"
484,Riad Chamali,5,"49 Bis, Derb Zemrane, Marrakech, Marrakech-Safi, Morocco"
485,Les Tourmalines,4.5,"Royal Golf, Ouarzazate, Draa-Tafilalet, Morocco"
486,Riad Le Petit Riad,5,"Avenue Moulay Abdellah 1581, Ouarzazate, Draa-Tafilalet, Morocco"
487,Ecolodge L Ile De Ouarzazate,4.5,"Ouarzazate, Draa-Tafilalet, Morocco"
488,The Source,4.5,"Route de l_ourika, km 10, Marrakech, Marrakech-Safi, Morocco"
489,Riad Tama & Spa,4.5,"Hay Tamassinte, Ouarzazate, Draa-Tafilalet, Morocco"
490,Riad Samarine,4.5,"Derb Defa ou Rbaa, Marrakech, Marrakech-Safi, Morocco"
491,Travel Surf Morocco,5,"Imessouane Beach, Imsouane, Souss-Massa, Morocco"
492,Riad Saada,5,"4 rue Siage, Fes, Fes-Meknes, Morocco"
493,Chez Talout,5,"Oulad Aarbiya, Skoura, Ouarzazate, Draa-Tafilalet, Morocco"
494,Riad Bayti Marrakech,5,"35 Derb Saka, Bab Mellah, Marrakech, Marrakech-Safi, Morocco"
495,Riad Hizad,5,"80 Derb el Cadi, Marrakech, Marrakech-Safi, Morocco"
496,Riad Origines,4.5,"11 Derb Ben Moussa, Marrakech, Marrakech-Safi, Morocco"
497,Riad Tayba,4.5,"31/9, Derb Ben Salem, Fes, Fes-Meknes, Morocco"
498,Dar Andamaure,5,"138 Derb Gach gach, Marrakech, Marrakech-Safi, Morocco"
499,Dar Tighoula,4.5,"Douar Aitsouka, Imlil, Marrakech-Safi, Morocco"
500,Dar el Yasmine,4.5,"talla sghira derb ahl tadla No34, Fes, Fes-Meknes, Morocco"
501,Riad Thais,4.5,"181 Avenue Sidi Mohamed ben Abdallah, Essaouira, Marrakech-Safi, Morocco"
502,Residence Dar Lamia,5,"Rue Mohamed Brahim Ouahat Sidi Brahim, Marrakech, Marrakech-Safi, Morocco"
503,Riad Jnane d'O,5,"28 Derb Arset Aouzal Medina, Marrakech, Marrakech-Safi, Morocco"
504,Riad Aguerzame,5,"66 Derb Jdid, Marrakech, Marrakech-Safi, Morocco"
505,Palais Rhoul & Spa Marrakech,4.5,"Route De Fes _ KM 5 Dar Tounsi, Marrakech, Marrakech-Safi, Morocco"
506,Riad Madu,5,"Hassilabied, Merzouga, Draa-Tafilalet, Morocco"
507,Riad Kasbah,4.5,"101 Derb Harbil-Kasbah, Marrakech, Marrakech-Safi, Morocco"
508,Red Hotel Marrakech,4,"Angle Avenue Mohammed VI Et Avenue Hassan II, Marrakech, Marrakech-Safi, Morocco"
509,Hotel Almas,4,"79, Avenue Moulay Rachid Gueliz, Marrakech, Marrakech-Safi, Morocco"
510,Grand Mogador Sea View  Luxury Hotel,4,"10, Lot Ghandouri Bd. Med V, Tangier, Tanger-Tetouan-Al Hoceima, Morocco"
511,Grand Hotel Tazi,2,"Avenue El Mouahidines / Bab Agnaou, Marrakech, Marrakech-Safi, Morocco"
512,Kennedy Hospitality Resort,3,"Av. Du President Kennedy, Marrakech, Marrakech-Safi, Morocco"
513,Hotel Fashion,4,"45 Avenue Golf, Marrakech, Marrakech-Safi, Morocco"
514,Jnane Leila,4,"353 bd Med VI, Marrakech, Marrakech-Safi, Morocco"
515,Hostel Riad Marrakech Rouge,4,"Riad Zitoune Jdid, Marrakech, Marrakech-Safi, Morocco"
516,Riad Opale,4,"56 Derb Lahri Berrima, Marrakech, Marrakech-Safi, Morocco"
517,ONOMO Hotel Rabat Medina,4,"2, Rue Ghandi / Quartier Hassan, Rabat, Rabat-Sale-Kenitra, Morocco"
518,Ibis Rabat Agdal,4,"32-34, rue Abderrahmanne, Rabat, Rabat-Sale-Kenitra, Morocco"
519,Suerte Loca,4,"7 Avenue Moulay Youssef, Sidi Ifni, Souss-Massa, Morocco"
520,Riad Al Mansoura,4,"Hay Essalam Derb Manchoura 11, Marrakech, Marrakech-Safi, Morocco"
521,Hotel Antico Termine Sure Hotel Collection by Best Western,4,"Via Stazione 44, Lugagnano, Sona, Province of Verona, Veneto, Italy"
522,Stargazing Hotel Sahara Sky,4,"B.p. 28, Zagora, Souss-Massa, Morocco"
523,Riad Moucharabieh,4,"27 Derb l'Hotel, Marrakech, Marrakech-Safi, Morocco"
524,Riad ABHAR,4,"4, Derb Toubib Rahba Kedima, Marrakech, Marrakech-Safi, Morocco"
525,Bab Hotel,4,"Rue Mohammed El Baqal, Marrakech, Marrakech-Safi, Morocco"
526,Hotel marmar,4,"19 Avenue Prince Moulay Abdellah, Ouarzazate, Draa-Tafilalet, Morocco"
527,ibis Casa-Voyageurs,4,"Avenue Ba Hmad, Casablanca, Casablanca-Settat, Morocco"
528,Riad Al Tainam,3.5,"Derb saada, Marrakech, Marrakech-Safi, Morocco"
529,Essaouira Youth Hostel & Social Travel,3.5,"17 Rue Laghrissi, Essaouira, Marrakech-Safi, Morocco"
530,Topi Inn,3.5,"Jl. Silayukti 99, Manggis, Bali, Indonesia"
531,Hotel L'Hippocampe,3.5,"2 Rue du Palais, Oualidia, Casablanca-Settat, Morocco"
532,Tourist Hotel Antalya,3.5,"Ornekkoy Cad.No:5, Antalya, Turkish Mediterranean Coast, Turkiye"
533,Zalagh Kasbah Hotel And Spa,3,"Zone Touristique Agdal Avenue, Marrakech, Marrakech-Safi, Morocco"
534,Dar Daif,5,"Ouarzazate, Draa-Tafilalet, Morocco"
535,Kasbah Ait Ben Moro,4.5,"Douar Taskoukamte - Skoura, Ouarzazate, Draa-Tafilalet, Morocco"
536,Dar Scotlandee,4.5,"H'nain, Chefchaouen, Tanger-Tetouan-Al Hoceima, Morocco"
537,Riad Amirat Al Jamal,5,"33 Rue Fhal Zefritti, Marrakech, Marrakech-Safi, Morocco"
538,Riad Daria Suites & Spa,4.5,"186, Derb Chtouka, Marrakech, Marrakech-Safi, Morocco"
539,Riad El Noujoum,4.5,"50 Derb Ben Zina, Marrakech, Marrakech-Safi, Morocco"
540,Riad Al Badia,5,"135 Derb Ahl Souss, Marrakech, Marrakech-Safi, Morocco"
541,RIad Dar El Paco,4.5,"10 Rue Draa, Essaouira, Marrakech-Safi, Morocco"
542,Riad Dar Tiflet,5,"14 derb Gnaoua, Marrakech, Marrakech-Safi, Morocco"
543,Riad El Walaa and spa,4.5,"138 Arset Moussa Louala, Marrakech, Marrakech-Safi, Morocco"
544,Kasbah Itran,4.5,"Roses Valley, El Kelaa M'gouna, Souss-Massa, Morocco"
545,Riad Maison Belbaraka,5,"Riad Laarouss Derb Asafrou Sidi Bouamer No 242, Marrakech, Marrakech-Safi, Morocco"
546,Residence Hoteliere Domaine De L'arganeraie,5,"Km 8 Route d'Agadir Imin Tagant, Essaouira, Marrakech-Safi, Morocco"
547,Riad Lauriers Blancs,4.5,"156 derb Sidi Messaoud, Marrakech, Marrakech-Safi, Morocco"
548,Domaine de la Roseraie,4.5,"Km 60 Route de Taroudant Val d'Ouirgane, Ouirgane, Marrakech-Safi, Morocco"
549,Riad Eden,4.5,"25, Derb Jdid, Marrakech, Marrakech-Safi, Morocco"
550,Riad Safa,5,"64 derb Lalla Azzouna, Marrakech, Marrakech-Safi, Morocco"
551,Dar Sidi Bounou,5,"Dar Sidi Bounou, Bounou, M'Hamid, Souss-Massa, Morocco"
552,Riad Alwachma,5,"21 derb Sebh, Marrakech, Marrakech-Safi, Morocco"
553,Riad Plein Sud,4.5,"56 Derb derdouba Arest Ihiri-Bab Doukala, Marrakech, Marrakech-Safi, Morocco"
554,Riad Bel Haj,5,"60 Derb Moulay Abdellah Ben Hssaine, Marrakech, Marrakech-Safi, Morocco"
555,Riad Elizabeth,5,"Derb El Baroud 33, Marrakech, Marrakech-Safi, Morocco"
556,Riad El Maati,4.5,"15 Sidi El Maati, Rabat, Rabat-Sale-Kenitra, Morocco"
557,Riad Bab Essaouira,4.5,"35 Biss Derb Abderahman Eddakhil, Essaouira, Marrakech-Safi, Morocco"
558,Kasbah Angour,5,"Douar Toufsirine Between Tahanaout & Asni, Asni, Marrakech-Safi, Morocco"
559,Les Jardins De Zyriab Resort & Spa,4.5,"Km 13 Route De L'Ourika Canal De Zaraba, Marrakech, Marrakech-Safi, Morocco"
560,Amayour Surf,5,"24 Panorama Street, Taghazout, Souss-Massa, Morocco"
561,Riad Adika,5,"286 Derb Sidi Bouamar, Marrakech, Marrakech-Safi, Morocco"
562,Riad Amin,4.5,"42 Place My Yazid Boutouil Kasbah, Marrakech, Marrakech-Safi, Morocco"
563,Riad Tizwa Fes,5,"15 Derb Guebbas, Fes, Fes-Meknes, Morocco"
564,Riad de la Mer,4.5,"7-9 Rue Khalid ben Oualid, Essaouira, Marrakech-Safi, Morocco"
565,Riad Noor Charana,4.5,"31 Derb El Kbir Ben Saleh, Marrakech, Marrakech-Safi, Morocco"
566,Chambres d'hotes Kasbah Azul,5,"Douar Aslim, Agdz, Souss-Massa, Morocco"
567,Riad Villa Wenge,4.5,"Derb Messfioui n4 Rabha, Marrakech, Marrakech-Safi, Morocco"
568,Riad Nora,4.5,"29A Rue de la Bahia, Marrakech, Marrakech-Safi, Morocco"
569,Riyad El Cadi,5,"86, 87 Derb Moulay Abdul Kader, Marrakech, Marrakech-Safi, Morocco"
570,Riad Noor Charana,4.5,"31 Derb El Kbir Ben Saleh, Marrakech, Marrakech-Safi, Morocco"
571,Auberge Sandfisch,4.5,"Erg Chebbi, Meknes-Tafilalet Region, Morocco"
572,Riad Bamboo & Spa,4.5,"Rue Dabachi Derb Hejra No46, Marrakech, Marrakech-Safi, Morocco"
573,Riad Baladin,4.5,"9 Rue Sidi Magdoul, Essaouira, Marrakech-Safi, Morocco"
574,Riad Diana,4.5,"85 Derb Jdid, Marrakech, Marrakech-Safi, Morocco"
575,Riad 144 Marrakech,5,"Derb Sidi Ahmed el Barj No 93 Kaa Sour, Marrakech, Marrakech-Safi, Morocco"
576,Riad Granvilier,5,"100 derb Jamaa, Marrakech, Marrakech-Safi, Morocco"
577,Riad Helen,5,"138 derb Arset aouzal, Marrakech, Marrakech-Safi, Morocco"
578,La Maison Anglaise Garden Ecolodge,5,"West of Jnane Soussia and Bab Benyara, Taroudant, Souss-Massa, Morocco"
579,Sawadi Ecolodge,5,"Palmeraie de Skoura, Skoura, Ouarzazate, Draa-Tafilalet, Morocco"
580,Riad Slitine & Spa,4.5,"Riad Zitoun Jdid, Marrakech, Marrakech-Safi, Morocco"
581,Riad Al Massarah,5,"26 Derb Djedid, Marrakech, Marrakech-Safi, Morocco"
582,Riad Laila,5,"104 Diour Jdad - Arset Ben Brahim, Marrakech, Marrakech-Safi, Morocco"
583,Riad Bahja,4.5,"24, Derb el Jdid , Bab Doukkala, Marrakech, Marrakech-Safi, Morocco"
584,Riad Lunetoile,4.5,"191 Rue Sidi Mohamed Ben Abdullah, Essaouira, Marrakech-Safi, Morocco"
585,Dar Zelda,5,"7, Derb Laakar, Marrakech, Marrakech-Safi, Morocco"
586,Riad Villa El Arsa,5,"18 Derb El Arsa, Marrakech, Marrakech-Safi, Morocco"
587,Riad Limouna,5,"3 Derb Cherkaoui, Marrakech, Marrakech-Safi, Morocco"
588,Riad Utopia Suites & Spa,4.5,"280 Derb sidi bouamar, Marrakech, Marrakech-Safi, Morocco"
589,Hotel Le Village Du Toubkal,4.5,"Centre Parc National Du Toubkal, Imlil, Marrakech-Safi, Morocco"
590,Riad Et Spa Misria Les Orangers,4.5,"17 Derb Anboub, Marrakech, Marrakech-Safi, Morocco"
591,Riad Bledna,5,"Douar Arbi Ben Bouzi, C.R. Oulad Hassoun, Marrakech, Marrakech-Safi, Morocco"
592,Riad Les Nuits de Marrakech,5,"134, Derb Gach Gach, Derb Dabachi, Marrakech, Marrakech-Safi, Morocco"
593,Riad Sapphire and Spa,5,"3 Kaa Akhlij, Marrakech, Marrakech-Safi, Morocco"
594,Les Jardins de Mouassine,4,"20 Derb Chofra El Kebir, Marrakech, Marrakech-Safi, Morocco"
595,Palais des Remparts,4,"18 Rue Ibn Rochd, Essaouira, Marrakech-Safi, Morocco"
596,Casa Annasr,4,"Avenue Maghreb Arabi, Chefchaouen, Tanger-Tetouan-Al Hoceima, Morocco"
597,Riad Hcekarram,4,"Sidi Ben Slimane Kaat Sour No77, Marrakech, Marrakech-Safi, Morocco"
598,Riad Nejma Lounge,4,"45, Derb Sidi M'hamed El Haj, Marrakech, Marrakech-Safi, Morocco"
599,Riad-Hadika Maria,4,"37 Derb Zemrane Hart Soura, Marrakech, Marrakech-Safi, Morocco"
600,Riad Nerja,4,"152, Derb Caid Rassou, Bab Aylane, Marrakech, Marrakech-Safi, Morocco"
601,Casa da Moura,4,"Rua Cardeal Neto, 10, Lagos, Faro District, Algarve, Portugal"
602,Riad Amira Victoria,4,"12, Derb El Baroud, Hart Essoura, Marrakech, Marrakech-Safi, Morocco"
603,Riad Ksar Saad & Spa,4,"25 Derb Sbaia, Marrakech, Marrakech-Safi, Morocco"
604,Tempoo Hotel,4,"15 Angle Rue Abou Bakr Seddiq et Omar Ben El Khattab - Hivernage Avenue Mohammed VI, Marrakech, Marrakech-Safi, Morocco"
605,Aparthotel Palmeraie Village,3.5,"Les Jardins de la Palmeraie II, Marrakech, Marrakech-Safi, Morocco"
606,Riad Hannah City Hotel,3,"28 Derb Assabane, Marrakech, Marrakech-Safi, Morocco"
607,Hotel Des Iles,3,"Boulevard Mohammed V, Essaouira, Marrakech-Safi, Morocco"
608,Tropicana Hotel Club Paladien,3.5,"Route de Casa, Marrakech, Marrakech-Safi, Morocco"
609,Hotel Atlas Asni,3.5,"Avenue Mohammed VI, Marrakech, Marrakech-Safi, Morocco"
610,Hotel Riad Nakhla,3.5,"12 Rue d'Agadir, Essaouira, Marrakech-Safi, Morocco"
611,Hotel Mont Gueliz,3,"10-12 Avenue Mohamed V, Marrakech, Marrakech-Safi, Morocco"
612,Agdal Hotel,2.5,"1 Boulevard Zerktouni, Marrakech, Marrakech-Safi, Morocco"
613,Hotel Amine,3,"Avenue Abdelkrim Khettabi, Marrakech, Marrakech-Safi, Morocco"
614,Mogador Opera,3.5,"Avenue Mohammed VI, Marrakech, Marrakech-Safi, Morocco"
615,Marrakech Ryads Parc & Spa,4,"Douar Ouled Benrrahmoun Ouahat Sidi Brahim, Marrakech, Marrakech-Safi, Morocco"
616,Robinson Esquinzo Playa,4,"Calle Gran Canaria 2, Pajara, Jandia Peninsula, Fuerteventura, Canary Islands, Spain"
617,Rose Garden Resort & Spa,3.5,"Ouaha Sidi Brahim 1, Marrakech, Marrakech-Safi, Morocco"
618,Royal Decameron Issil,3.5,"Circuit De La Palmeraie, Marrakech, Marrakech-Safi, Morocco"
619,Adama Hotel Marrakech,4,"Route d'Amizmiz, KM 7,5, Marrakech, Marrakech-Safi, Morocco"
620,"Appart, Hotel & Cafe L'Agadir",4.5,"Num 4, Rue d'Agadir, Essaouira, Marrakech-Safi, Morocco"
621,Pension Agadir,4.5,"Calle Sidi del Abbes 4, San Jose, Province of Almeria, Andalucia, Spain"
622,Club Marmara Les Jardins d'Agadir,4,"Rte de L'Oued Sous, Agadir, Souss-Massa, Morocco"
623,Villa avec piscine Agadir,no mark,"118 Taghazout Bay Villa, Agadir, Souss-Massa, Morocco"
624,Villa Riad Bahadi Agadir,no mark,"N 320 Elligh, Agadir, Souss-Massa, Morocco"
625,Hotel La Suite Agadir,no mark,"Founty Zone Touristique, Agadir, Souss-Massa, Morocco"
626,Soleil d'Agadir Centre,no mark,"151 Rue d'Oujda, Agadir, Souss-Massa, Morocco"
627,Agadir,no mark,"Taghazout, Souss-Massa, Morocco"
628,Hotel Agadir,4,"92 Bab Jief Fes El Jadid, Fes, Fes-Meknes, Morocco"
629,Villa Belvedere Illigh Agadir,no mark,"197 Quartier Illigh, Agadir, Souss-Massa, Morocco"
630,Ihchach Agadir,no mark,"Rue Zellaqa, Agadir, Souss-Massa, Morocco"
631,Appartement A Imi Ouadar Agadir,no mark,"Imi Ouaddar, Souss-Massa, Morocco"
632,Appartement Agadir Centre,no mark,"Rue Oued Ziz 0000, Agadir, Souss-Massa, Morocco"
633,Appartement Luxe Marina Agadir,5,"Route Marina 25-6, Agadir, Souss-Massa, Morocco"
634,Marina Agadir Maliari,no mark,"Agadir, Souss-Massa, Morocco"
635,Agadir Hotel,2,"Rua Augusto de Vasconcelos 506, Rio de Janeiro, State of Rio de Janeiro, Brazil"
636,Au Coeur D'Agadir,no mark,"Najah A Marine Pecheurs, Agadir, Souss-Massa, Morocco"
637,Sofitel Agadir Thalassa Sea & Spa,no mark,"Baie Des Palmiers Cite Founty P5, Agadir, Souss-Massa, Morocco"
638,Hotel Riad Salam Agadir,5,"Ave Abderrahim Bouabid 8, Agadir, Souss-Massa, Morocco"
639,Salam Agadir,3,"Av. Massoude Al Wafkaoui, Hey Al Salam centre, Agadir, Souss-Massa, Morocco"
640,Golden Dana Agadir,no mark,"Prince Sultan Road, Jazan, Jizan Province, Saudi Arabia"
641,Residence Assoulil Mlp Agadir,no mark,"Avenue Hassan 2 - 1 Residence Assoulil, Agadir, Souss-Massa, Morocco"
642,Agadir Vacances,no mark,"Avenue Mohamed Elfassi, Agadir, Souss-Massa, Morocco"
643,Mawasim Agadir 15,no mark,"Prince Naser Street, Al Khobar, Eastern Province, Saudi Arabia"
644,Villa D'agadir,no mark,"Bloc 107 N3 Charaf, Agadir, Souss-Massa, Morocco"
645,Coralia Club Agadir La Kasbah,no mark,"Boulevard Du 20 Aout, Agadir, Souss-Massa, Morocco"
646,Appartement Agadir,no mark,"Rue 811 el massira, Agadir, Souss-Massa, Morocco"
647,"Agadir, Drarga, Apprt Villa Piscine",no mark,"N8, Drarga, Souss-Massa, Morocco"
648,Royal Atlas & Spa,5,"Boulevard 20 Aout, Agadir, Souss-Massa, Morocco"
649,Nice Base,5,"Hay Tissaliouine Oufella Ayt Izem, Tamraght, Agadir, Souss-Massa, Morocco"
650,La Pergola Hotel,4.5,"Km 8, Route d'Agadir - Inezgane, Agadir, Souss-Massa, Morocco"
651,Route de Miel,5,"2 Toughza, Awrir, Agadir, Souss-Massa, Morocco"
652,Blue Waves Surf House Tamraght,5,"Tamraght, Agadir, Souss-Massa, Morocco"
653,Manzili Surfhouse,5,"Tamraght, Agadir, Souss-Massa, Morocco"
654,Imourane Surf Maroc,4.5,"Kilometre 14 route d'essaouira, Tamraght, Agadir, Souss-Massa, Morocco"
655,TigMAIA,5,"N_ C/33 Hay Mohammadi, Agadir, Souss-Massa, Morocco"
656,Ocean Surf Morocco,5,"Tamraght, Agadir, Souss-Massa, Morocco"
657,Rina Hostel,4.5,"Hay Tissaliouine Oubaha Tamraght, Tamraght, Agadir, Souss-Massa, Morocco"
658,RIAD DLIM,5,"Rue de la Jeunesse, Tamraght, Agadir, Souss-Massa, Morocco"
659,Paradis Nomade,4.5,"Douar Azrarag, Agadir, Souss-Massa, Morocco"
660,Hola Surf Morocco,4.5,"Taghazout bay, Tamraght, Agadir, Souss-Massa, Morocco"
661,Cozy White House,5,"N1, Tamraght, Agadir, Souss-Massa, Morocco"
662,Desert Point Surf House,5,"Moknari Village, Agadir, Souss-Massa, Morocco"
663,Morocco Surf Holiday,5,"Route d'Essaouira, Tamraght, Agadir, Souss-Massa, Morocco"
664,Taghazout Ocean Surf House,5,"Panorama Street, Tamraght, Agadir, Souss-Massa, Morocco"
665,Tamraght White Hostel,4.5,"tamraght ouzdar,, Tamraght, Agadir, Souss-Massa, Morocco"
666,Imsouane Surf house,5,"97 Lotissement Amadel Imsouane Plage, Agadir, Souss-Massa, Morocco"
667,Inspiration Surf Morocco,5,"Hay Tissaliouin Oubaha, Tamraght, Agadir, Souss-Massa, Morocco"
668,Offshore Surf House Morocco,5,"Tamraght, Agadir, Souss-Massa, Morocco"
669,Surf Way House,5,"Tamraght, Agadir, Souss-Massa, Morocco"
670,Anra Surf & Yoga Morocco,5,"Hay Zgoumi, Tamraght, Agadir, Souss-Massa, Morocco"
671,Bab Imouzzer,4.5,"km 31 Route d'Imouzer, Agadir, Souss-Massa, Morocco"
672,Auberge le Panoramic,4.5,"La Vallee du Paradis Route d'Imouzzer, Agadir, Souss-Massa, Morocco"
673,Surf And Friends Lodge,5,"Dr Tamraght Sahel, Aourir, Tamraght, Agadir, Souss-Massa, Morocco"
674,Endo Surf Camp Morocco,5,"Tamraght, Agadir, Souss-Massa, Morocco"
675,Villa Jardin de L'ocean,5,"Chemin de la Plage, Agadir, Souss-Massa, Morocco"
676,Azul Guesthouse,5,"Hay Ait Soual Tamraght, Agadir, Souss-Massa, Morocco"
677,Hotel Tiznine,4,"3 Rue Drarga, Agadir, Souss-Massa, Morocco"
678,Bianca Beach Family & Resort,3.5,"Marina secteur balneaire, Agadir, Souss-Massa, Morocco"
679,Safar Budget,1.5,"Station Total Tilila R.P 40 E5 Tassila - Dcheira Jihadia, Agadir, Souss-Massa, Morocco"
680,Hotel Imazighen,4,"Route Essaouira, Tamri, Tamri, Agadir, Souss-Massa, Morocco"
681,Dominium Hotel,3.5,"Bv. Abdelkrim El Khatib, Quartier Founty, Agadir, Souss-Massa, Morocco"
682,Motel Ahl Souss,3,"Rn 1. Agadir Tikiouine Express - Station Shell, Agadir, Souss-Massa, Morocco"
683,Dar Sultana,4,"Tissaliwine, Tamraght, Agadir, Souss-Massa, Morocco"
684,Hotel Al Hamra,3.5,"33 Av Abderrahim Bouabid, Agadir, Souss-Massa, Morocco"
685,Agyad Maroc,2.5,"Boulevard du 20 Aout, Agadir, Souss-Massa, Morocco"
686,Hotel Kasbah Tissint,4,"Tissint, Guelmim-Oued Noun, Morocco"
687,Hotel Inou,4,"Km 14 Centre De La Commune d' Aourir, Agadir, Souss-Massa, Morocco"
688,Deepcurl Guest House,4,"Douar Aourir, Jammat Qadat Aourir, Tamraght, Agadir, Souss-Massa, Morocco"
689,Gite Mentaga,4,"El Hanouan Commune Rurale Tamaloukt, Agadir, Souss-Massa, Morocco"
690,Lucky Trip Surf Camp,3.5,"N 1 Tamraght Ouzedar, Tamraght, Agadir, Souss-Massa, Morocco"
691,Hotel Residence Nejma,3,"Av des F.A.R., Agadir, Souss-Massa, Morocco"
692,Campement Akka Nait Sidi,4,"Douar Akka Nait Sidi, Tissint, Guelmim-Oued Noun, Morocco"
693,Sables D'or Appart-Hotel,3,"C7,Founty Sonaba, Agadir, Souss-Massa, Morocco"
694,Residence Tafat,3,"Rue Hotel de Ville, Agadir, Souss-Massa, Morocco"
695,Tamraghazout Surf Hostel,5,"Rue Tamraght, Tamraght, Agadir, Souss-Massa, Morocco"
696,Great Holiday Residence,4.5,"7 Residence Khalij Annakhil G, Agadir, Souss-Massa, Morocco"
697,Agachill Surf House,5,"Tamraght, Agadir, Souss-Massa, Morocco"
698,Hotel Les Cinq Parties du Monde,5,"Avenue Hassan II, Agadir, Souss-Massa, Morocco"
699,Atlas Wonders Coworking Surf Camp,5,"Route De Taghazout, Tamraght, Agadir, Souss-Massa, Morocco"
700,Mona Hostel Restaurant,3,"Ait Soual Tamraght Ozdar Hostel Restaurant, Tamraght, Agadir, Souss-Massa, Morocco"
701,Auberge Bab Imouzer,3.5,"Route Imouzer Idaoutanane a 3 km de la Vallee de Paradis, Agadir, Souss-Massa, Morocco"
702,Sand Surf,5,"Hay Tissaliouine Oubaha Tamraght, Tamraght, Agadir, Souss-Massa, Morocco"
703,Rapture Surfcamp Morocco - Banana Village,5,"Tamraght, Agadir, Souss-Massa, Morocco"
704,Bab Aourir,5,"12 KM Route Essaouira, Agadir, Souss-Massa, Morocco"
705,Surfline Morocco,5,"route d_essaouira, Tamraght, Agadir, Souss-Massa, Morocco"
706,Global Surf Maroc,1,"Sol House Road, Tamraght, Agadir, Souss-Massa, Morocco"
707,Valhalla Surf Camp & Yoga,1,"Tamri, Agadir, Souss-Massa, Morocco"
708,Forever Surf,5,"Tamraght, Agadir, Souss-Massa, Morocco"
709,Hotel Tilado,2.5,"Avenue Hassan 1 No 67, Cite Dakhla, Agadir, Souss-Massa, Morocco"
710,Ride Morocco,4.5,"Hay Tissaliouine Oufella, Tamraght, Agadir, Souss-Massa, Morocco"
711,Hotel Marjane,3.5,"No. 4 Bd. Abderrahim Bouabid - QI- Lot, Agadir, Souss-Massa, Morocco"
712,Riad Tildi,5,"Agadir, Souss-Massa, Morocco"
713,Moana Surf Maroc,4.5,"Ait Soual, Tamraght, Agadir, Souss-Massa, Morocco"
714,La Kasbah Bleue,3.5,"Ctre Commune Rurale Aqesri, Agadir, Souss-Massa, Morocco"
715,Khaima Bio,5,"Douar Douira, Agadir, Souss-Massa, Morocco"
716,Gite Igmir,4,"Smougen, Agadir, Souss-Massa, Morocco"
717,Kappa Club,4.5,"Boulevard 20 Aout, Agadir, Souss-Massa, Morocco"
718,Surf One Hotel,5,"Hay Aitsoual, Tamraght, Agadir, Souss-Massa, Morocco"
719,Riad Anda,3,"Aoulouz, Agadir, Souss-Massa, Morocco"
720,Takad Dream Rural,5,"Takad Village, Inezgane, Agadir, Souss-Massa, Morocco"
721,Palm's Motel,5,"Boulevard mohamed 5 Anza, Agadir, Souss-Massa, Morocco"
722,Rock It Surf House,5,"Tissaliouine Tamraght 1, Tamraght, Agadir, Souss-Massa, Morocco"
723,Residence Tifaouine,no mark,"Rue Oued Ziz Crossing With Avenue El Mouqwama, Agadir, Souss-Massa, Morocco"
724,Khalij Nahkil Luxe Appt,no mark,"Immeuble Khalij Nakhil, Agadir, Souss-Massa, Morocco"
725,Auberge Tanout,no mark,"La Route D'Imouzzer La Vallee Du Paradis, Agadir, Souss-Massa, Morocco"
726,Atlantic Surfhostel,no mark,"Hay Tissaliouine Oufella 1, Tamraght, Agadir, Souss-Massa, Morocco"
727,Residence Mer et Soleil III,no mark,"Avenue Mokhtar Soussi, Agadir, Souss-Massa, Morocco"
728,Surf and Skate Hostel Taghazout,no mark,"Taghazout Centre 20 km Route d'Essaouira, Agadir, Souss-Massa, Morocco"
729,La Maison De Sandrine,no mark,"Rue El Borj, Takate, Agadir, Souss-Massa, Morocco"
730,Omar Amzgoug,no mark,"Rue Taghazot, Agadir, Souss-Massa, Morocco"
731,Adrar Beach Morocco,no mark,"Douar Tamraght, Tamraght, Agadir, Souss-Massa, Morocco"
732,Takad Dream Rooms,no mark,"Place Lahcen Ben Brahim Tamri, Agadir, Souss-Massa, Morocco"
733,Global Surf House - Hostel/Backpacker,no mark,"Rue Ait Soual, Tamraght, Agadir, Souss-Massa, Morocco"
734,Dar Jasmin,no mark,"No. 7 Avenue Ait Moulay, Agadir, Souss-Massa, Morocco"
735,Dar Oceana,no mark,"Quartier Skouti, Tamraght, Agadir, Souss-Massa, Morocco"
736,SunRise Villa,no mark,"Tamraght, Agadir, Souss-Massa, Morocco"
737,Riad Houara,no mark,"Tamraght, Agadir, Souss-Massa, Morocco"
738,Moroccan Surf Experience,no mark,"Tamraght, Tamraght, Agadir, Souss-Massa, Morocco"
739,NjoY Morocco,no mark,"Hay Tissaliouine, Tamraght, Agadir, Souss-Massa, Morocco"
740,Kinel,no mark,"Bull. Dyu 20 Aaut, Agadir, Souss-Massa, Morocco"
741,Original Surf Morocco - Hostel,no mark,"Tamraght Village Aourir, Tamraght, Agadir, Souss-Massa, Morocco"
742,Gite Tintafoukt,no mark,"Douar Tintafoukt Ait Milk Chtouka Ait Baha, Agadir, Souss-Massa, Morocco"
743,Residence Triangulo,no mark,"Km 26, Route d'Essaouira Imi Ouaddar, Tamri, Agadir, Souss-Massa, Morocco"
744,Apparts-Hotel ISNI,no mark,"Avenue du Prince Moulay Abdellah, Agadir, Souss-Massa, Morocco"
745,Green IGR Guesthouse,no mark,"Hay Sahel, Tamraght, Agadir, Souss-Massa, Morocco"
746,Terrasse plage,no mark,"Tamraght, Agadir, Souss-Massa, Morocco"
747,Dima Surf Hostel,no mark,"Tamraght Village, Agadir 80750, Tamraght, Agadir, Souss-Massa, Morocco"
748,Abridsurf,no mark,"Tamraght Ait Soual, Tamraght, Agadir, Souss-Massa, Morocco"
749,Let Us Surf,no mark,"Rue Tamraght, Tamraght, Agadir, Souss-Massa, Morocco"
750,Devils Rock Surf,no mark,"Hay Ait Soual, Tamraght, Agadir, Souss-Massa, Morocco"
751,Riad Houara,no mark,"Tamraght, Agadir, Souss-Massa, Morocco"
752,Villa Oufella,no mark,"Douard Tissaliouine, Tamraght, Agadir, Souss-Massa, Morocco"
753,Sea & Mountain House,no mark,"Tamraght, Agadir, Souss-Massa, Morocco"
754,Soltana Surf House Yoga,5,"Tamraght, Agadir, Souss-Massa, Morocco"
755,Tamraght House,no mark,"Tamraght, Agadir, Souss-Massa, Morocco"
756,Tlegmaas,no mark,"Rue de Fes, Agadir, Souss-Massa, Morocco"
757,Residence Du Sud,no mark,"Lot 218 Haut Founty Dar Argane, Agadir, Souss-Massa, Morocco"
758,Appartment Nizar,no mark,"Hay Mohammadi Islane GH 25 Agadir Imm 156 AU 8 Eme Etage App 48, Agadir, Souss-Massa, Morocco"
759,Crocro Surf House,no mark,"Km 15 Route D'essaouira Tamraght, Tamraght, Agadir, Souss-Massa, Morocco"
760,Chiga House,no mark,"N. 406, Agadir, Souss-Massa, Morocco"
761,Boilers Surf House,no mark,"Lighthouse Cap ghir, RN1, Tamri, Agadir, Souss-Massa, Morocco"
762,Aladdin Surf House,no mark,"Tamraght Mosque, Morocco app 1 , Etage 1, Tamraght, Agadir, Souss-Massa, Morocco"
763,La Suite Hotel Boutique,no mark,"Founty Zone Touristique, Agadir, Souss-Massa, Morocco"
764,Residence Islane Hay Mohammadi,no mark,"Residence Islane GH27, Building 180, Agadir, Souss-Massa, Morocco"
765,Vibe Surf Morocco,no mark,"Tamraght, Agadir, Souss-Massa, Morocco"
766,Terrasse Plage,no mark,"Rue Des Coquillages, Tamraght, Agadir, Souss-Massa, Morocco"
767,Camping Sidi Wassay,no mark,"Commune Rural, Agadir, Souss-Massa, Morocco"
768,Tamraght Apartments,no mark,"Village Tamraght Road To Taghazout, Tamraght, Agadir, Souss-Massa, Morocco"
769,Taghazout Ocean Front Apartments,no mark,"Rue Iwilite N 29 Taghazout Centre, Agadir, Souss-Massa, Morocco"
770,B&B Surf And Relax,no mark,"Sahel Area, Tamraght, Agadir, Souss-Massa, Morocco"
771,Surf House Morocco,no mark,"Hay Sahel, Tamraght, Agadir, Souss-Massa, Morocco"
772,Hotel Zahrat Souss -Inezgane,no mark,"Avenue Al Mokhtar Soussi, Inezgane, Agadir, Souss-Massa, Morocco"
773,Ojourdhui Ecolodge,no mark,"Douar Azrarag, Agadir, Souss-Massa, Morocco"
774,Poseidon Surf Camp,no mark,"Tamraght Village, Agadir 80750, Tamraght, Agadir, Souss-Massa, Morocco"
775,"Beautiful apartment, roof top with great view",no mark,"80023 Rue Tamraght, Agadir, Souss-Massa, Morocco"
776,Soraya Studiotel,no mark,"Rue De La Foire, Agadir, Souss-Massa, Morocco"
777,Wave Friends Surf Camp,no mark,"Agadir, Souss-Massa, Morocco"
778,Santacruz,no mark,"Rue Ait Soual, 80750 Tamraght Ouzdar, Maroc, Tamraght, Agadir, Souss-Massa, Morocco"
779,Gypsybreeze Guest House,no mark,"Tamraght, Agadir, Souss-Massa, Morocco"
780,1001 Nights Surf Hostel,no mark,"N1, Tamraght, Agadir, Souss-Massa, Morocco"
781,Ilios Hostel Surf Tamraght,no mark,"Tamraght, Agadir, Souss-Massa, Morocco"
782,Ocean Surf House,no mark,"Rue Tamraght, Agadir, Souss-Massa, Morocco"
783,Hostel Morocco,no mark,"Tamraght Ouzdar, Hay Ait Soual , Tamraght, Agadir, Souss-Massa, Morocco"
784,Villa Argane Dynamic Loisirs,5,"Douar Tamraght, Tamraght, Agadir, Souss-Massa, Morocco"
785,Marina Chez L'Habitant Homestay,no mark,"Apartment 6 Immeuble 39 Marina, Agadir, Souss-Massa, Morocco"
786,Valhala Camp Surf & Yoga,no mark,"Tamri, Agadir, Souss-Massa, Morocco"
787,Free Surf Camp,no mark,"Rue Tamraght, Agadir, Souss-Massa, Morocco"
788,Riadinou Center,no mark,"23 Rue Tamagroute, Agadir, Souss-Massa, Morocco"
789,Auberge Sun Rise Camp Surf Tamraght,no mark,"Route National 1 Tamraght, Tamraght, Agadir, Souss-Massa, Morocco"
790,Hotel Tamgoute,4,"Bd Allal Ben Abdellah no 38 Talborjt, Agadir, Souss-Massa, Morocco"
791,Gite Meriem,no mark,"Douar Tizgui Charfa C. Admine Kaidat, Agadir, Souss-Massa, Morocco"
792,Islane,no mark,"Alhayu Almuhmadiu Aslan Akadyr Almaghrib, Agadir, Souss-Massa, Morocco"
793,Mourdi House,no mark,"Anza, Agadir, Souss-Massa, Morocco"
794,Zina Surf,no mark,"Tamraght, Agadir, Souss-Massa, Morocco"
795,Surf Beach House,no mark,"Qaurtier Belle Vue km 30 Route d Essaouira Imi Ouaddar, Agadir, Souss-Massa, Morocco"
796,Salam Appartement,no mark,"17 Hay Essalam Avenue Mohammed El Fassi, Residence Ennajah1 Appart 166 Imm, Agadir, Souss-Massa, Morocco"
797,Tamraght Beach Apartment,no mark,"27 Residence Tigolha 3, Tamraght, Agadir, Souss-Massa, Morocco"
798,The Ocean Camp,no mark,"Hay Tissaliouine, Tamraght, Agadir, Souss-Massa, Morocco"
799,La Surf House Morocco,no mark,"Hay Aitsoual, Tamraght, Agadir, Souss-Massa, Morocco"
800,Osidi,no mark,"5 Rue Sidi O Sidi Boutchakat, Agadir, Souss-Massa, Morocco"
801,Tamraght Mont View Apart,no mark,"Quartier Tisaliwin 2, Tamraght, Agadir, Souss-Massa, Morocco"
802,Riad Souss,no mark,"1 Avenue Mohamed 5, Ait Melloul, Agadir, Souss-Massa, Morocco"
803,Quiet Wave Hostel,no mark,"Tamraght, Agadir, Souss-Massa, Morocco"
804,Kosasurf Morocco,no mark,"Tamawanza, Awrir, Agadir, Souss-Massa, Morocco"
805,Hanaf,no mark,"Hay Tamraght Tissalouine, Tamraght, Agadir, Souss-Massa, Morocco"
806,Hanaf,no mark,"Charaf, Agadir, Souss-Massa, Morocco"
807,Santa Cruz Hostel,no mark,"Hay Ait Seoual Tamraght Aourir, Tamraght, Agadir, Souss-Massa, Morocco"
808,Dominium Residence,no mark,"Boulevard Du 20 Aout, Agadir, Souss-Massa, Morocco"
809,Crocro Surf - Hostel,no mark,"Crocro Surf Maroc, Tamraght, Agadir, Souss-Massa, Morocco"
810,Swell.House,no mark,"Hay Sahel, Tamraght, Agadir, Souss-Massa, Morocco"
811,Cactus Surf And Skate House,no mark,"Tamraght, Agadir, Souss-Massa, Morocco"
812,Blue Pearl Sensational Beach Apartment,no mark,"Rue De La Plage , Adan Beach Residence, Agadir, Souss-Massa, Morocco"
813,Coral Reef Hotel & Resort Port Blair,no mark,"Crr-PB, Agadir, Souss-Massa, Morocco"
814,Travel Surf Nature,no mark,"Tamraght Ait Soual Aourir, Tamraght, Agadir, Souss-Massa, Morocco"
815,Gite Forest Kasbah,5,"Commune Rurale de Drarga, Agadir, Souss-Massa, Morocco"
816,VillaBella,no mark,"Tissaliouine oufella Tamraght aourir Silid surf house, Agadir, Souss-Massa, Morocco"
817,Zahrat Souss Hotel,4,"Inezgane, Agadir, Souss-Massa, Morocco"
818,Tamraght Hospitality,no mark,"Hay Ait Swal, Tamraght, Agadir, Souss-Massa, Morocco"
819,Glob Adventure,no mark,"Agadir, Souss-Massa, Morocco"
820,Tamri House,no mark,"283 Route Agadir, Tamri, Agadir, Souss-Massa, Morocco"
821,Riad du Soleil Couchant,1,"Village Tissaliwine, Tamraght, Agadir, Souss-Massa, Morocco"
822,Gnawahouse,no mark,"Taghazout centre, Agadir, Souss-Massa, Morocco"
823,Residence Chem's Hotel,2,"Rue de L'Hotel de Ville, Agadir, Souss-Massa, Morocco"
824,Casa Mia Family Suite,no mark,"Marina D'agadir, Agadir, Souss-Massa, Morocco"
825,Appart Hotel Edenbeach,no mark,"Km 26 Route d'Essaouira Imi Ouddar, Agadir, Souss-Massa, Morocco"
826,Azrac Surf Morocco,no mark,"Km 14 Route d'Essaouira, Tamraght, Agadir, Souss-Massa, Morocco"
827,Ilios Surf Hostel,no mark,"Oufella, Tamraght, Agadir, Souss-Massa, Morocco"
828,Surf Camp Morocco Hostel,5,"Route Essaouira, 13 Tamraght, Taghazout Village, Agadir, Souss-Massa, Morocco"
829,V&D Tamraght Surfers Hostel,no mark,"Hay Tissaliouine, Tamraght, Agadir, Souss-Massa, Morocco"
830,Surf Shack Morocco,no mark,"Hay Tamraght, Tamraght, Agadir, Souss-Massa, Morocco"
831,Dar Soltana Surf House Yoga,no mark,"Tamraght - Agadir, Tamraght, Agadir, Souss-Massa, Morocco"
832,Jihad,no mark,"22, Talborjt, Agadir, Souss-Massa, Morocco"
833,Jawahir Aguerd,no mark,"Aguerd Commun Aqesri Ida Outanane, Agadir, Souss-Massa, Morocco"
834,Villa Masira,no mark,"302 Riad Salam 10 Rue, Agadir, Souss-Massa, Morocco"
835,Surf and Salsa House,no mark,"Tamraght, Agadir, Souss-Massa, Morocco"
836,Original Surf Morocco,no mark,"Hay Tissaliwine Obaha, Agadir, Souss-Massa, Morocco"
837,Tiguimi Vacances,no mark,"Douar Ben Cheikh Temsia, Ait Melloul, Agadir, Souss-Massa, Morocco"
838,Appartement Tilila,no mark,"Lot 1775, Agadir, Souss-Massa, Morocco"
839,Blue Waves Apartment,4,"Ouzddar Hay Sahel, Tamraght, Agadir, Souss-Massa, Morocco"
840,GB,no mark,"Avenue Cheikh Saadi Immeuble Ifoulki Sarour, Agadir, Souss-Massa, Morocco"
841,Blue Waves - Surf House Tamraght,no mark,"Rue Tamraght, Tamraght, Agadir, Souss-Massa, Morocco"
842,Sourebou,no mark,"Sourebou Chez Lot A8 Sonaba, Agadir, Souss-Massa, Morocco"
843,Boilers Surfstay,no mark,"N1 Cap Ghir Phare, Tamri, Agadir, Souss-Massa, Morocco"
844,Le Nomade Merlift Maroc,no mark,"Blvd Hassan II, Agadir, Souss-Massa, Morocco"
845,Ferme Tansift,no mark,"Route de Agadir, Agadir, Souss-Massa, Morocco"
846,Ecole de Surf Maroc,3,"Imsouane, 99, Agadir, Souss-Massa, Morocco"
847,Valhalla Surf Camp & Yoga,no mark,"Dr Idouran, Tamri, Tamri, Agadir, Souss-Massa, Morocco"
848,Loca Beach,4,"Km 26 Route d'Essaouira, Agadir, Souss-Massa, Morocco"
849,Surf Soul Adventure,no mark,"Hay Bina, Tamraght, Agadir, Souss-Massa, Morocco"
850,La Villa Rosa,no mark,"Rue Taslaouine Douar, Tamraght, Agadir, Souss-Massa, Morocco"
851,Glob Adventure,no mark,"Tamraght, Agadir, Souss-Massa, Morocco"
852,Auberge Marock and Roll,no mark,"Km 15 Route Essaouira, Tamraght, Agadir, Souss-Massa, Morocco"
853,Islan Apartment & Pool Balcon,no mark,"Islan Hay Mohmmadi, Agadir, Souss-Massa, Morocco"
854,Guest House Tazerzite Tamraght,no mark,"Hay Tisaliouine, Tamraght, Agadir, Souss-Massa, Morocco"
855,Hotel Sables  D'or,no mark,"Agadir, Souss-Massa, Morocco"
856,Dar Ahlami,no mark,"Hay Tissaliouine Ouefela, Tamraght, Agadir, Souss-Massa, Morocco"
857,Logement Chez l'Habitant,no mark,"Lot 510 Tillila Agadir Etage 2, Agadir, Souss-Massa, Morocco"
858,Atlantic surf house,no mark,"Tamraght, Agadir, Souss-Massa, Morocco"
859,The Sunrise Villa,no mark,"Hay Tissalouine, Tamraght, Agadir, Souss-Massa, Morocco"
860,Hotel Lynx,no mark,"9 Rue Al Mahdi Ibn Toumart Talbortjt,, Agadir, Souss-Massa, Morocco"
861,Transatlantique,no mark,"Boulevard Mohamed V BP 455, Agadir, Souss-Massa, Morocco"
862,Adi House,no mark,"G143 Hay Al Houda, Agadir, Souss-Massa, Morocco"
863,Suno Villa Surf Camp,no mark,"National Rte 1, Tamraght, Agadir, Souss-Massa, Morocco"
864,Abrid Surf,no mark,"Ait Soual Tamraght, Tamraght, Agadir, Souss-Massa, Morocco"
865,Abcdefg,no mark,"Hay Sahel, Tamraght, Agadir, Souss-Massa, Morocco"
866,Bayti Surf Hostel,no mark,"Tamraght, Agadir, Souss-Massa, Morocco"
867,Hotel Residence Imiplage,no mark,"Km 27 Imiouadar C.R. Tamri, Agadir, Souss-Massa, Morocco"
868,Hay Tissaliouine,no mark,"Tamraght, Agadir, Souss-Massa, Morocco"
869,Auberge-Inne Taghazout - Hostel,no mark,"Igui N'tssila, Agadir, Souss-Massa, Morocco"
