,resto name,mark,location
0,Comptoir Darna Marrakech,4.5,"Avenue Echouhada, Marrakech, Marrakech-Safi, Morocco"
1,Pepe Nero,4.5,"17 Derb Cherkaoui, Marrakech, Marrakech-Safi, Morocco"
2,Dar Zellij,4.5,"No1 Kaa Sour, Sidi Ben Slimane, Marrakech, Marrakech-Safi, Morocco"
3,Bazaar Cafe,4.5,"Derb Sidi El Yamani, 24B, Marrakech, Marrakech-Safi, Morocco"
4,Azar,4.5,"Rue de Yougoslavie, Marrakech, Marrakech-Safi, Morocco"
5,Gastro MK at Maison MK,4.5,"14 Derb Lafkih Sbaai, Marrakech, Marrakech-Safi, Morocco"
6,Medina Burger,5,"91 Avenue Homman Fetouaki, Marrakech, Marrakech-Safi, Morocco"
7,Little Marrakech,4.5,"31 Market Place, St. Albans, Hertfordshire, England, United Kingdom"
8,Dar Cherifa,4.5,"8 derb Cherfa Lakbir, Moussine, Marrakech, Marrakech-Safi, Morocco"
9,Naranj,4.5,"84 Rue Riad Zitoun Jdid, Marrakech, Marrakech-Safi, Morocco"
10,NOMAD,4,"1, Derb Aajrane, Marrakech, Marrakech-Safi, Morocco"
11,Terrasse des Epices,4,"15 Souk Charifia Sidi Abdellaziz, Marrakech, Marrakech-Safi, Morocco"
12,Le Grand Cafe De La Poste,4,"Angle Boulevard El Mansour Eddahbi Et Avenue Imam, Marrakech, Marrakech-Safi, Morocco"
13,Kosy Bar,4,"Place des Ferblantiers, Marrakech, Marrakech-Safi, Morocco"
14,Restaurant of La Maison Arabe,4.5,"1 Derb Assehbe, Marrakech, Marrakech-Safi, Morocco"
15,Le Salama Sky Bar,3.5,"40 Rue de Banques, Marrakech, Marrakech-Safi, Morocco"
16,Al Fassia Aguedal Restaurant,4,"55 Boulevard Zerktouni, Marrakech, Marrakech-Safi, Morocco"
17,Roti D'or,4.5,"Taoualat Ben Saleh 64, Marrakech, Marrakech-Safi, Morocco"
18,Le Foundouk,4,"55, Souk Hal Fassi, Marrakech, Marrakech-Safi, Morocco"
19,Kui-Zin Medina,4.5,"12, Rue Amsefah, Sidi Abdelaziz .Medina, Marrakech, Marrakech-Safi, Morocco"
20,Le Jardin,4,"32 Souk Sidi Abdelaziz, Marrakech, Marrakech-Safi, Morocco"
21,Marrakech Avenue,4,"58 Princes Avenue, Kingston-upon-Hull, East Riding of Yorkshire, England, United Kingdom"
22,Zwin Zwin Cafe,4.5,"10 Rue El Moustachfa, Riad Mokha, Marrakech, Marrakech-Safi, Morocco"
23,Earth Cafe Marrakech,4,"Riad Zitoun Lakdim, Marrakech, Marrakech-Safi, Morocco"
24,Zeitoun Cafe Jemaa El Fnaa,4.5,"107 Place Jemaa El Fnaa, Marrakech, Marrakech-Safi, Morocco"
25,Marrakech Restaurant,4.5,"91 O'Connell St, Adelaide, Greater Adelaide, South Australia, Australia"
26,Limoni Cafe and Restaurant,4.5,"40, Dyour Saboun, Marrakech, Marrakech-Safi, Morocco"
27,Un Dejeuner a Marrakech,4.5,"2-4 Angle Douar Graoua-Kennaria, Marrakech, Marrakech-Safi, Morocco"
28,Cafe Arabe,4,"184, rue Mouassine, Marrakech, Marrakech-Safi, Morocco"
29,Restaurant Red House,4.5,"Avenue el yarmouk and rue Abdelaziz Elmalzouzi, Marrakech, Marrakech-Safi, Morocco"
30,Marrakech Henna Art Cafe,4.5,"35 Derb Sqaya, Marrakech, Marrakech-Safi, Morocco"
31,Marrakech Restaurant,4.5,"1122 Stratford Road, Birmingham, West Midlands, England, United Kingdom"
32,La Table Du Riad at 72 Riad Living,4.5,"72 Arset Awzel, Bab Doukkala, Marrakech, Marrakech-Safi, Morocco"
33,BlackChich Cafe Restaurant,4.5,"1 Derb Nakouss Riad Zitoune El Jedid, Marrakech, Marrakech-Safi, Morocco"
34,Cafe Clock,4.5,"224 Derb Chtouka, Marrakech, Marrakech-Safi, Morocco"
35,Amal,4.5,"Rue Allal Ben Ahmed et Rue Ibn Sina, Marrakech, Marrakech-Safi, Morocco"
36,La Pergola,4.5,"7/8 Derb Chaabane - Riad Zitoun Lkd, Marrakech, Marrakech-Safi, Morocco"
37,Pointbar,5,"3 bis rue Abou Hayane Taouhidi, Gueliz, Marrakech, Marrakech-Safi, Morocco"
38,Dar Marrakech,3.5,"403 High Street, London, England, United Kingdom"
39,Le Marrakchi,4,"52 Rue des Banques, Place Jeema el Fna, Marrakech, Marrakech-Safi, Morocco"
40,Cafe de France,3,"Place Jemaa El Fna, Marrakech, Marrakech-Safi, Morocco"
41,MY Kechmara,4.5,"3 Rue de la Liberte, Marrakech, Marrakech-Safi, Morocco"
42,Dar Essalam,4,"170, Riad Zitoune El Kedim, Marrakech, Marrakech-Safi, Morocco"
43,Atay Cafe - Food,4.5,"62, Rue Amsefah Sidi Abdelaziz, Marrakech, Marrakech-Safi, Morocco"
44,Dar Moha,4,"81, Rue Dar El Bacha, Marrakech, Marrakech-Safi, Morocco"
45,Souk Kafe,4.5,"11 Derb Souk Jeldid, Marrakech, Marrakech-Safi, Morocco"
46,Taste of Marrakech,4.5,"Governor's Parade, Gibraltar"
47,Bo Zin,4,"Route de l' Ourika 3,5 Kms, Marrakech, Marrakech-Safi, Morocco"
48,Marrakech,5,"7 Ocean St, Maroochydore, Sunshine Coast, Queensland, Australia"
49,Dar Anika Kitchen,4.5,"Riad Zitoun Kedim No 112, Marrakech, Marrakech-Safi, Morocco"
50,Bakchich Cafe,4.5,"Junction Of Rue Des Banques And Riad Zitoun El Jdid, Marrakech, Marrakech-Safi, Morocco"
51,Henna cafe,4.5,"93 Arset Aouzal Road, Dar EL Basha, Marrakech, Marrakech-Safi, Morocco"
52,Les Jardins de la Medina,4.5,"21 Derb Chtouka, Marrakech, Marrakech-Safi, Morocco"
53,Marrakech,4,"Melchor Jimenez 774, La Paz, La Paz Department, Bolivia"
54,Cafe Restaurant Argana,4.5,"Djemaa El Fna Square, Marrakech, Marrakech-Safi, Morocco"
55,Mamma Mia,4.5,"18 Rue de la Libertie, Marrakech, Marrakech-Safi, Morocco"
56,Le Trou au Mur,4.5,"39 Derb El Farnatchi, Marrakech, Marrakech-Safi, Morocco"
57,Lotus Privilege Moroccan Restaurant,4.5,"Quartier Dar El Bacha, Marrakech, Marrakech-Safi, Morocco"
58,La Cantine Des Gazelles,4.5,"6 Dabachi Kennaria, Marrakech, Marrakech-Safi, Morocco"
59,Chez Brahim,4.5,"38 Derb Dabachi, Marrakech, Marrakech-Safi, Morocco"
60,Barometre Marrakech,5,"Rue Moulay Ali Gueliz, Marrakech, Marrakech-Safi, Morocco"
61,Marrakech Artisan,5,"16 George Street, Hastings, East Sussex, England, United Kingdom"
62,Riad Kniza Restaurant,4.5,"34 Derb L'Hotel, Marrakech, Marrakech-Safi, Morocco"
63,Al Fassia Aguedal,4.5,"9bis route de l'Ourika, Marrakech, Marrakech-Safi, Morocco"
64,Cuisine De Terroir,4.5,"St Kennaria 118, Marrakech, Marrakech-Safi, Morocco"
65,Chez Mado,4.5,"Rue Moulay Ali, Marrakech, Marrakech-Safi, Morocco"
66,Le Tanjia,4.5,"Place des Ferblantiers, Marrakech, Marrakech-Safi, Morocco"
67,Bagatelle,4.5,"103, Rue de Yougoslavie, Marrakech, Marrakech-Safi, Morocco"
68,Entrepotes,4.5,"62, Rue Tarik Ibn Zyad, Marrakech, Marrakech-Safi, Morocco"
69,Le Bistro Arabe,4.5,"7/8 Derb Chaabane, Marrakech, Marrakech-Safi, Morocco"
70,La Table de La Sultana,4.5,"403 rue de la Kasbah, Marrakech, Marrakech-Safi, Morocco"
71,16 Cafe,4.5,"Place du 16 Novembre, Marrakech, Marrakech-Safi, Morocco"
72,La Table du Palais,4.5,"63, Rue Sidi El Yamani, Marrakech, Marrakech-Safi, Morocco"
73,Rooftop Restaurant Dardar,4.5,"4 Rue Riad Zitoun el Kdim, Marrakech, Marrakech-Safi, Morocco"
74,Jemaa ElFna Restaurant,4.5,"Boulevard des banques rue Zaari N 42 Kennaria, Marrakech, Marrakech-Safi, Morocco"
75,L'envers,4.5,"29 Rue Ibn Aicha, Marrakech, Marrakech-Safi, Morocco"
76,Dameh,5,"15 Gueliz rue Qadi Ayad, El Harti, Marrakech, Marrakech-Safi, Morocco"
77,Plus 61,4.5,"96 Rue Mohammed El Beqal, Marrakech, Marrakech-Safi, Morocco"
78,Le Petit Cornichon,4.5,"27, Rue Moulay Ali, Marrakech, Marrakech-Safi, Morocco"
79,Restaurant Marrakech,4,"Corner of rue Omar el Mokhtar and bd. Mohammed V, Fes, Fes-Meknes, Morocco"
80,Le TOBSIL,4.5,"22 Derb Abdellah Ben Hessaien. Ksour, Marrakech, Marrakech-Safi, Morocco"
81,Restaurant Le LOFT,4.5,"18 Rue de la Liberte, Marrakech, Marrakech-Safi, Morocco"
82,Teteria y Restaurante Marrakech,4,"Carrera Darro 49, Granada, Province of Granada, Andalucia, Spain"
83,La Patisserie des Princes,4.5,"32, rue Bab Agnaou, Marrakech, Marrakech-Safi, Morocco"
84,Dar Najat's Kitchen,4.5,"Dar Najat, Douar Graoua,, Marrakech, Marrakech-Safi, Morocco"
85,Le 68 Bar A Vin,4.5,"68, Rue de la Liberte, Marrakech, Marrakech-Safi, Morocco"
86,Cafe Mama Afrika,4.5,"Rue Oum Errabia, Marrakech, Marrakech-Safi, Morocco"
87,Palais Jad Mahal,3.5,"10 Rue Haroune Errachid, Marrakech, Marrakech-Safi, Morocco"
88,VITA NOVA,4.5,"36 Rue Ibn Aicha, Marrakech, Marrakech-Safi, Morocco"
89,Poka,5,"N 149 Residence Soluna, Rue Khalid Ben El Oualid, Marrakech, Marrakech-Safi, Morocco"
90,Les Jardins de Bala,4,"26 Rue de la Koutoubia, Marrakech, Marrakech-Safi, Morocco"
91,Dar Yacout,4,"79 Rue Sidi Ahmed Soussi, Marrakech, Marrakech-Safi, Morocco"
92,Katsura,4.5,"Rue Oum Errabia, Marrakech, Marrakech-Safi, Morocco"
93,Ksar Es Saoussan,4.5,"Rue des Ksour 3 Derb El Messaoudyenne, Marrakech, Marrakech-Safi, Morocco"
94,Palais Dar Soukkar,4.5,"3,8 KM, Route de l'Ourika, Marrakech, Marrakech-Safi, Morocco"
95,Cafe Extrablatt,4,"Angle Avenue Echouada Et Rue Alqadissia, Marrakech, Marrakech-Safi, Morocco"
96,Snack Toubkal,4,"Marrakech, Marrakech-Safi, Morocco"
97,Chez Yassine,4.5,"70 Rue Fatima Zahra, Marrakech, Marrakech-Safi, Morocco"
98,Kasbah Cafe,4,"47 Boutouil, Kasbah en Face Des Tambeaux Saadiens, Marrakech, Marrakech-Safi, Morocco"
99,Cafe Babouche,4.5,"37 Rue Des Banque, Marrakech, Marrakech-Safi, Morocco"
100,La Famille,4,"42 Riad Zitoun Jdid, Marrakech, Marrakech-Safi, Morocco"
101,Narwama,4.5,"Hay Zefriti 30, Marrakech, Marrakech-Safi, Morocco"
102,Beats Burger,4.5,"35 Souk Jeld Kimakine, Marrakech, Marrakech-Safi, Morocco"
103,La Trattoria Marrakech,4.5,"179, Rue Mohamed El Beqal Gueliz, Marrakech, Marrakech-Safi, Morocco"
104,Epicurien,4,"Rue Ibrahim El Mazini, Marrakech, Marrakech-Safi, Morocco"
105,Catanzaro,4,"42 rue Tarik Ibn Ziyad, Marrakech, Marrakech-Safi, Morocco"
106,Le Blokk,4.5,"Route des Jardins de la Palmeraie, Marrakech, Marrakech-Safi, Morocco"
107,Dar Marjana,4,"15 Derb Sidi Ali Tair, Marrakech, Marrakech-Safi, Morocco"
108,Fouquet's Marrakech,4.5,"Rue Djebel Alakhdar, Marrakech, Marrakech-Safi, Morocco"
109,Cafe Restaurant Dar L'hssira,5,"15-12 Rue Tachenbacht, Marrakech, Marrakech-Safi, Morocco"
110,Snack Grand Atlas,4.5,"Rue Ibnou Marine, Marrakech, Marrakech-Safi, Morocco"
111,La Villa Des Orangers - Restaurant,4.5,"6 rue Sidi Mimoun, Marrakech, Marrakech-Safi, Morocco"
112,Shtatto Marrakech,4.5,"81 Derb Nkhal, Rahba Lakdima, Marrakech, Marrakech-Safi, Morocco"
113,Casanova Marrakech,4.5,"Av Yacoub el Mansour, Marrakech, Marrakech-Safi, Morocco"
114,Marrakech Cafe Moroccan & Mediterranean,4,"305 Evans Bay Parade, Wellington, Greater Wellington, North Island, New Zealand"
115,El Fenn Cocktail Bar & Restaurant,4,"2 Derb Moulay Abdullah Ben Hezzian, Marrakech, Marrakech-Safi, Morocco"
116,Cafe Chez ZaZa,4.5,"21 Place Bab Fteuh, Marrakech, Marrakech-Safi, Morocco"
117,Kabana,4.5,"Rue Fatima Ezzahra R'mila, Marrakech, Marrakech-Safi, Morocco"
118,So Lounge Marrakech,4.5,"Rue Haroun Errachid, Quartier Hivernage, Marrakech, Marrakech-Safi, Morocco"
119,Fine Mama?,4.5,"89 Passage Prince Moulay Rachid, Marrakech, Marrakech-Safi, Morocco"
120,The Lotus Club,4,"Rue Ahmed Chawki, Marrakech, Marrakech-Safi, Morocco"
121,Patisserie Amandine Marrakech,4.5,"6 Rue de la Liberte, Marrakech, Marrakech-Safi, Morocco"
122,Buddha-Bar Marrakech,4,"Avenue Prince My Rachid, Marrakech, Marrakech-Safi, Morocco"
123,Cafe du Livre,4,"44 Rue Tariq Ibn Ziad, Marrakech, Marrakech-Safi, Morocco"
124,Hotel la Renaissance,3.5,"89 angle Bld Zerktouni et Mohamed V, Marrakech, Marrakech-Safi, Morocco"
125,Taj'in Darna,4,"50 Place Jamaa El Fna, Marrakech, Marrakech-Safi, Morocco"
126,Dar Chef,4.5,"Rue Kennaria N 123 Bis, Marrakech, Marrakech-Safi, Morocco"
127,Cafe Kessabine,4,"77 Souk Kessabine Jamaa Fna, Marrakech, Marrakech-Safi, Morocco"
128,L'Orangerie & Lawrence Bar - Sofitel Marrakech,4.5,"Rue Harroun Errachid, Marrakech, Marrakech-Safi, Morocco"
129,Taj Moroccan Food,5,"1 Rue Moulay Ismail, Marrakech, Marrakech-Safi, Morocco"
130,L'Adresse Jemaa El-Fna,4,"5 Rue la Koutoublia, Marrakech, Marrakech-Safi, Morocco"
131,L'Mida Marrakech,4.5,"78 bis Derb Nkhel, Rahba Kdima, Medina, Marrakech, Marrakech-Safi, Morocco"
132,La Terrasse Ben Youssef,4,"Rue Sidi Mimoun 98, Marrakech, Marrakech-Safi, Morocco"
133,MyKawa,4,"34 rue Yves St Laurent, Marrakech, Marrakech-Safi, Morocco"
134,Zeitoun Cafe Kasbah,4.5,"417 Bab Agnaou, Marrakech, Marrakech-Safi, Morocco"
135,Restaurant Oscar Progres,4,"20, rue Bani Marine, Marrakech, Marrakech-Safi, Morocco"
136,Lao Marrakech,5,"14 et, Benhafssa, 16 Rue Oued El Makhazine, Marrakech, Marrakech-Safi, Morocco"
137,Palais Soleiman,4.5,"Bd 11 Janvier, Marrakech, Marrakech-Safi, Morocco"
138,La Cuisine de Mona,4.5,"Residence Mamoune 5 n 115B, Marrakech, Marrakech-Safi, Morocco"
139,Cafe Des Epices,4,"75, Rahba Lakdima, Medina, Marrakech, Marrakech-Safi, Morocco"
140,Portofino,4,"279 Avenue Mohammed VI, Marrakech, Marrakech-Safi, Morocco"
141,L'Adresse Gueliz,4,"Avenue Mohammed VI, Marrakech, Marrakech-Safi, Morocco"
142,Le Grand Balcon Cafe Glacier,3,"Jemaa El Fna, Marrakech, Marrakech-Safi, Morocco"
143,L'O A LA BOUCHE - Marrakech,5,"4 rue Badr, Marrakech, Marrakech-Safi, Morocco"
144,Malak Emeraude,4,"Avenue Mohammed VI, Marrakech, Marrakech-Safi, Morocco"
145,LE PALACE,4,"Avenue Echouhada, Marrakech, Marrakech-Safi, Morocco"
146,Le Bougainvillier Restaurant,3.5,"33 Rue Mouassine, Marrakech, Marrakech-Safi, Morocco"
147,Mandala Society Essaouira,4.5,"Avenue de l'Istiqlal, Essaouira, Marrakech-Safi, Morocco"
148,Kech Burger,4.5,"39 Rue Mohamed El Bakkal, Marrakech, Marrakech-Safi, Morocco"
149,Bombay Marrakech,4.5,"29 Rue Ibn Aicha, Marrakech, Marrakech-Safi, Morocco"
150,Chez Lamine,4,"Rue Ibn Aicha a, Marrakech, Marrakech-Safi, Morocco"
151,Chez Chegrouni,3.5,"Place Djemaa Al Fnaa, Marrakech, Marrakech, Marrakech-Safi, Morocco"
152,Restaurant Andalous,4.5,"102 Rue Dabachi Medina, Marrakech, Marrakech-Safi, Morocco"
153,Manzil la Tortue,5,"Km12, Route de Ouarzazate, Marrakech, Marrakech-Safi, Morocco"
154,Les Premices,3,"place Jamaa fnaa, Marrakech, Marrakech-Safi, Morocco"
155,La Porte Du Monde,3.5,"Toualat Kennaria No 69, Marrakech, Marrakech-Safi, Morocco"
156,Red Marrakech,4.5,"97 Ayres Road, Stretford, Trafford, Greater Manchester, England, United Kingdom"
157,Ame et Saveurs,4.5,"38, Prince Moulay Rachid -Medina, Marrakech, Marrakech-Safi, Morocco"
158,Al Baraka,4,"1, Place Jamaa El Fna, Marrakech, Marrakech-Safi, Morocco"
159,Stalls in the Square,3.5,"Jemaa El Fna, Marrakech, Marrakech-Safi, Morocco"
160,Terrasses Des Arts,5,"5 Derb L'Hotel Bab Doukala, Marrakech, Marrakech-Safi, Morocco"
161,Cafe Jardin Majorelle Marrakech,4,"Avenue Yarcob El Mansour, Marrakech, Marrakech-Safi, Morocco"
162,Aqua,3.5,"68 Place De Jamaa El Fna Medina, Marrakech, Marrakech-Safi, Morocco"
163,L'Auberge Espagnole,4.5,"Street Corner Tarik Ibn Ziad and Moulay Ali, Marrakech, Marrakech-Safi, Morocco"
164,M Rooftop by Medina Heritage,4.5,"58, Quartier Lakssour Fhel Zefriti, Marrakech, Marrakech-Safi, Morocco"
165,Patisserie Gato,5,"Rue Hassania, gueliz, a Deux Pas De La Clinique Chifa, Marrakech, Marrakech-Safi, Morocco"
166,Restaurant Cafe Regue Jamaa,4.5,"Rue Fatima Ezzahra N91, Marrakech, Marrakech-Safi, Morocco"
167,ViaVia Morocco Marrakech,5,"3 Rue Fandak, Marrakech, Marrakech-Safi, Morocco"
168,La Palette Restaurant Marrakech,5,"24 Rue Moulay Ali, Marrakech, Marrakech-Safi, Morocco"
169,Nobu Restaurant Marrakech,4.5,"Av. Echouhada Et, Rue Du Temple, Marrakech, Marrakech-Safi, Morocco"
170,Mandala Society Marrakech,4.5,"159, Rue Riad Zaytun Jdid, Marrakech, Marrakech-Safi, Morocco"
171,marrakech cafe,4.5,"6257 E 21st St N, Wichita, Kansas"
172,Terrasse de la fontaine,4.5,"118 Rue mouassine, Marrakech, Marrakech-Safi, Morocco"
173,L'Ocean Bleu Marrakech,4.5,"Residence Le Gueliz - Imm B - Restaurant l'Ocean - Route de Targa, Marrakech, Marrakech-Safi, Morocco"
174,Kasbah Du Toubkal Restaurant,4.5,"Toubkal National Park, Imlil, Marrakech-Safi, Morocco"
175,Restaurant Mabrouka,2.5,"Rue Bab Agnaou, Marrakech, Marrakech-Safi, Morocco"
176,Restaurant Bombay Marrakech,4,"7 Rue Ibn Zaidoun, Marrakech, Marrakech-Safi, Morocco"
177,Dar tazi,4.5,"Kaat Bennahid Souk Ahel, N 44, Marrakech, Marrakech-Safi, Morocco"
178,Votre Table,5,"Kennaria Immeuble el Biaz Numero 3, Marrakech, Marrakech-Safi, Morocco"
179,Koulchi Zine,4.5,"164 Riad Zitoune Lakdim, Marrakech, Marrakech-Safi, Morocco"
180,La Table du Marche,4,"4 Angle Avenue Echouhada, Marrakech, Marrakech-Safi, Morocco"
181,Knock Knock restaurant,4.5,"Derb Ftheu Ftouh Medina, Marrakech, Marrakech-Safi, Morocco"
182,Atlas Golf Marrakech,4.5,"Route d'Amizmiz BP 2064, Marrakech, Marrakech-Safi, Morocco"
183,Terrasse Bakchich,4.5,"Talaa 294, Marrakech, Marrakech-Safi, Morocco"
184,"La Table, Royal Mansour Marrakech",4.5,"Rue Abou El Abbas Sebti, Marrakech, Marrakech-Safi, Morocco"
185,L'mdina Marrakech,5,"42 Rue Des Banque, Marrakech, Marrakech-Safi, Morocco"
186,Le 6,4.5,"Avenue Mohammed VI, Marrakech, Marrakech-Safi, Morocco"
187,Le Jardin,4,"Rue Haroun Errachid, Marrakech, Marrakech-Safi, Morocco"
188,La Creperie de Marrakech,4.5,"14 Petit Marche de Gueliz, Marrakech, Marrakech-Safi, Morocco"
189,Montecristo Marrakech,4,"20 Rue Benaicha, Marrakech, Marrakech-Safi, Morocco"
190,Dar Donab Le Restaurant,4.5,"53, Dar El Basha-Bab Doukkala, Marrakech, Marrakech-Safi, Morocco"
191,Le Warner Marrakech,4.5,"Avenue Yacoub el Marini, Marrakech, Marrakech-Safi, Morocco"
192,Restaurant Naima Marrakech,4.5,"Rue Azbest No. 30, Marrakech, Marrakech-Safi, Morocco"
193,Le Tire Bouchon Marrakech,5,"Angle Rue Loubnane et Rue Souriya Gueliz, Marrakech, Marrakech-Safi, Morocco"
194,Marrakech Salisbury,4.5,"140 Fisherton Street, Salisbury, Wiltshire, England, United Kingdom"
195,Marrakech Grill,4.5,"Denver, Colorado"
196,Jo's,4.5,"Residence Le Palacio, Marrakech, Marrakech-Safi, Morocco"
197,Bigua Cafe & Restaurant,4.5,"No 74, Rue Sidi Ishaq, Marrakech, Marrakech-Safi, Morocco"
198,Le Petit Thai,4.5,"22 Rue Tarik Ibn Ziad, Marrakech, Marrakech-Safi, Morocco"
199,Little Italy Marrakech,4.5,"48 Rue Mohamed El Beqal, Marrakech, Marrakech-Safi, Morocco"
200,Gm Cafe Gourmet,5,"Croisement Av. Moulay Hassan Et Rue Imam Malik, Marrakech, Marrakech-Safi, Morocco"
201,PERSONA Marrakech,5,"Rue des Vieux Marrakchis, Marrakech, Marrakech-Safi, Morocco"
202,Casa Lalla Restaurant,5,"Riad Zitoun Lakdime 16 Derb Jamaa, Marrakech, Marrakech-Safi, Morocco"
203,Zushi,4.5,"Avenue Mohammed VI, Marrakech, Marrakech-Safi, Morocco"
204,La Cour des Lions,4.5,"Rue Ibrahim El Mazini, Marrakech, Marrakech-Safi, Morocco"
205,A.Montana,5,"60 Derb Jdid Douar Graoua, Marrakech, Marrakech-Safi, Morocco"
206,Cantobar,4,"38/39 Avenue Moulay El Hassan, Marrakech, Marrakech-Safi, Morocco"
207,Zeitoun Gueliz,4.5,"213 Avenue Moahmed V, Marrakech, Marrakech-Safi, Morocco"
208,Las Terrazas De Andalucia,4.5,"Hotel El Andalous, Avenue du President Kennedy, Marrakech, Marrakech-Safi, Morocco"
209,Color Safra-SOUS RESERVATION,4.5,"Rue Ben Salah 3, Marrakech, Marrakech-Safi, Morocco"
210,Table de la Medina,4.5,"1 Derb Maaden Sidi Abdelaziz, Marrakech, Marrakech-Safi, Morocco"
211,Restaurant Terrasse La Medersa,4.5,"Souk Ahl Fes, Marrakesh, Maroc, Marrakech, Marrakech-Safi, Morocco"
212,La Table Ocre,5,"91 Avenue Homman Fetouaki, Marrakech, Marrakech-Safi, Morocco"
213,Cafe Caravan,4.5,"Riad Larrousse 151, Marrakech, Marrakech-Safi, Morocco"
214,Delices Strouza,5,"95 rue de Yugoslavia, Marrakech, Marrakech-Safi, Morocco"
215,Bacha Coffee,4.5,"Route Sidi Abdelaziz, Marrakech, Marrakech-Safi, Morocco"
216,My Taher,5,"9 Rue des Banques, Marrakech, Marrakech-Safi, Morocco"
217,L’Amazigh Rooftop,4.5,"38 Moulay Tayeb, Marrakech, Marrakech-Safi, Morocco"
218,Chateau Marrakech riyadh,4,"Alandalus  Mall, Ulya St, Al Ulya district Riyadh, Riyadh, Riyadh Province, Saudi Arabia"
219,Restaurant Le Marrakech Bordeaux,4,"15 rue Saint Remi, Bordeaux, Gironde, Nouvelle-Aquitaine, France"
220,Restaurant Marrakech,4,"Tafraoute Centre, Tafraoute, Souss-Massa, Morocco"
221,Nikki Beach,3.5,"Circuit de la Palmeraie, Marrakech, Marrakech-Safi, Morocco"
222,La Table de La Kasbah,4.5,"Derb Hajra, Bab Agnaou, Kasbah, Marrakech, Marrakech-Safi, Morocco"
223,The Capaldi Restaurant,4.5,"Km 39, route de Amizmiz, Marrakech, Marrakech-Safi, Morocco"
224,Dar El Walidin Chez Jamjami Monssif,4.5,"Riad Laarous, Marrakech, Marrakech-Safi, Morocco"
225,Le Pavillon De La Piscine,4.5,"Avenue Bab Jdid, Marrakech, Marrakech-Safi, Morocco"
226,Restaurante Teteria Marrakech,3.5,"Calle Espalda de San Nicolas, 9, 18010 Granada, Spain, Granada, Province of Granada, Andalucia, Spain"
227,Cafe Guerrab,4.5,"40 Souk Ablouh Jamaa Fna, Marrakech, Marrakech-Safi, Morocco"
228,Ma Maison,4.5,"64 Arset Aouzal Bab Doukkala Medina, Marrakech, Marrakech-Safi, Morocco"
229,La Paillote,4.5,"Km 4 Route d'Amizmiz, Marrakech, Marrakech-Safi, Morocco"
230,Lost in Marrakech,4.5,"156 Darb Snane, Medina, Marrakech, Marrakech-Safi, Morocco"
231,Kafe Merstan,4.5,"2 Rue Souk Chaaria Kast Benahid, Marrakech, Marrakech-Safi, Morocco"
232,Amornakoch restaurant cafe,4.5,"26 Qesabin Place Jemaa El Fna, Marrakech, Marrakech-Safi, Morocco"
233,Chili's,3.5,"Avenue Mohammed VI, Marrakech, Marrakech-Safi, Morocco"
234,La Table Al Badia at Riad Al Badia,5,"135 Derb Ahl Souss, Marrakech, Marrakech-Safi, Morocco"
235,Ling Ling Marrakech,4,"Route du Golf Royal, Marrakech, Marrakech-Safi, Morocco"
236,Fluffy,5,"91 Hommane Fetouaki, Marrakech, Marrakech-Safi, Morocco"
237,Restaurant El Bahja,4.5,"Rue Bani Marine, Marrakech, Marrakech-Safi, Morocco"
238,Mazel مزال Cafe,5,"8 Place des Ferblontiers, Marrakech, Marrakech-Safi, Morocco"
239,Le Jasmin Restaurant and Bar,4.5,"200 Rue du Mechouar, Marrakech, Marrakech-Safi, Morocco"
240,Queen Atlantic,4.5,"Place Du 16 Novembre, Marrakech, Marrakech-Safi, Morocco"
241,O Mammy Burger Marrakech,4,"Interieur du Complexe Prestigia Avenue Mohamed VI, Marrakech, Marrakech-Safi, Morocco"
242,monquotidien Gueliz,4.5,"41-43 Rue Yougoslavie, Marrakech, Marrakech-Safi, Morocco"
243,Quattro Marrakech,4.5,"1 Boulevard de la Menara, Marrakech, Marrakech-Safi, Morocco"
244,Cafe - Restaurant Bab Ftouh,4.5,"64 place Ftouh Marrakech GSM, Marrakech, Marrakech-Safi, Morocco"
245,Marrakech,4.5,"370 Evans Bay Parade, Wellington, Greater Wellington, North Island, New Zealand"
246,Restaurant Max by Riad Elisa,4.5,"21 rue Sidi Lyamani Ksour, Marrakech, Marrakech-Safi, Morocco"
247,Layali Karoun Iranian Restaurant,4.5,"1 Rue Ibn Habbous, Marrakech, Marrakech-Safi, Morocco"
248,Saladbox,4.5,"2 Avenue Yacoub El marini, Marrakech, Marrakech-Safi, Morocco"
249,Souk,3.5,"27 Litchfield Street, London, England, United Kingdom"
250,Le Charly's Cabana,4,"39,Bd Zerktouni,, Marrakech, Marrakech-Safi, Morocco"
251,Winoo,4,"77, Corner of Rue Mauritania and Bd Moulay Rachid, Marrakech, Marrakech-Safi, Morocco"
252,Falafel Terrace,5,"Rue Fatima Zahra 21, Marrakech, Marrakech-Safi, Morocco"
253,Le relais du Lac Marrakech,4.5,"Barrage, Marrakech, Marrakech-Safi, Morocco"
254,Marrakesh Restaurant,4.5,"King Abdullah Street, Al Khobar, Eastern Province, Saudi Arabia"
255,Piu Piu Marrakech,4.5,"10 Rue Oued El Makhazine, Marrakech, Marrakech, Marrakech-Safi, Morocco"
256,Les Jardins Du Lotus,4,"6, Derb Sidi Al Benhamdouch,, Marrakech, Marrakech-Safi, Morocco"
257,Marjana Terrasse Restaurant,5,"39 Rue Bab Agnaou Prince, Marrakech, Marrakech-Safi, Morocco"
258,"Sesamo, Royal Mansour Marrakech",4.5,"Rue Abou Abbas El Sebti, Marrakech, Marrakech-Safi, Morocco"
259,EL PHOENICIO Marrakech,4.5,"1572 Residence Prestige, 6 Rue Hafid Ibrahim, Hivernage, Marrakech, Marrakech-Safi, Morocco"
260,Momo,4,"25 Heddon Street, London, England, United Kingdom"
261,Le Makassar,4.5,"20, Derb Chtouka, Marrakech, Marrakech-Safi, Morocco"
262,Koya,4,"Avenue Echouhada, Marrakech, Marrakech-Safi, Morocco"
263,Marrakesh,4.5,"12 Vickers Lane, Louth, Lincolnshire, England, United Kingdom"
264,La Brioche Cafe Kech,4,"Place Jemaa El Fna, rue Moulay Ismail, Marrakech, Marrakech-Safi, Morocco"
265,Restaurant Angsana Si Said,5,"24, Derb Si Said, Marrakech, Marrakech-Safi, Morocco"
266,Cafe restaurant Tiznit,4.5,"No 28 Place Jemaa El Fna Kassabine, Marrakech, Marrakech-Safi, Morocco"
267,La Maison Berbere,4.5,"No 21 5-6, Marrakech, Marrakech-Safi, Morocco"
268,Mechoui Alley,4.5,"Derb Semmarine, Marrakech, Marrakech-Safi, Morocco"
269,L'Escapade Marrakech,4,"240 Angle Avenue Mohammed 5 et rue Oum Erabie, Marrakech, Marrakech-Safi, Morocco"
270,Yazel,5,"131 Rue Mouassine, Marrakech, Marrakech-Safi, Morocco"
271,Azyr,4.5,"28 Rue Ibn Al Banna, Marrakech, Marrakech-Safi, Morocco"
272,Restaurant Dar Rhizlane,4,"Avenue Jnane El Harti, Marrakech, Marrakech-Safi, Morocco"
273,Riad Omar,3,"22, rue Bab Agnaou, Marrakech, Marrakech-Safi, Morocco"
274,Dino Gelato Italiano,4,"Avenue Mohammed VI, Marrakech, Marrakech-Safi, Morocco"
275,Restaurant Marrakesh,4,"Morocco Pavilion, Orlando, Florida"
276,Marrakech Restaurante,5,"Calle 19 #3 93, Santa Marta, Santa Marta Municipality, Magdalena Department, Colombia"
277,Palais Gharnata,4.5,"5, Derb El Arsa Riad Zitoun Jdid, Marrakech, Marrakech-Safi, Morocco"
278,Restaurant Le Selman,4.5,"B.P. 24530 Marrakech Atlas, Km 5 Route d'Amizmiz, Marrakech, Marrakech-Safi, Morocco"
279,Casa Jose Marrakech,4,"8, Rue Oued el Makhazine, Marrakech, Marrakech-Safi, Morocco"
280,LA CASA Restaurant Lounge,4.5,"Avenue du President Kennedy , Hivernage, Marrakech, Marrakech-Safi, Morocco"
281,L’Italien par Jean-Georges,3.5,"Avenue Bad Jdid, Marrakech, Marrakech-Safi, Morocco"
282,EAT ME KECH Thai Cuisine,5,"10 Rue Sourya Gueliz, Marrakech, Marrakech-Safi, Morocco"
283,Chez Abdelhay,4.5,"Place El Baroudiyine 43 46, Marrakech, Marrakech-Safi, Morocco"
284,Le Zinc,4.5,"517 Avenue principale - Q.I Sidi Ghanem, Marrakech, Marrakech-Safi, Morocco"
285,Canvas Bistro,4.5,"N64, Taoulat Ben Saleh, Marrakech, Marrakech-Safi, Morocco"
286,Le Marrakech,3.5,"Kellerbleek 10, Hamburg, Germany"
287,Le Marrakech,3.5,"6 avenue de la Mandallaz, Annecy, Haute-Savoie, Auvergne-Rhone-Alpes, France"
288,Dada,4,"45 William St S, Dublin, County Dublin, Ireland"
289,Broc The Kasbah,5,"300 souika Riad Laarousse, Marrakech, Marrakech-Safi, Morocco"
290,Chez Fatima Berbere,4.5,"Riad Laarous, Marrakech, Marrakech-Safi, Morocco"
291,Ait Bougumez,4.5,"Rue Bani Marine No. 1, Imm. Zoubair, Marrakech, Marrakech-Safi, Morocco"
292,Cafe Restaurant Dar Touareg,4.5,"N_ 30 Rue Touareg Jdad, Marrakech, Marrakech-Safi, Morocco"
293,La Porte de Marrakech,4,"Riad Zitoun Jdid, Marrakech, Marrakech-Safi, Morocco"
294,La table de Marrakech,4,"178 Hay Essalame, Marrakech, Marrakech-Safi, Morocco"
295,Aicha,4,"Place Djemaa El Fna, Marrakech, Marrakech-Safi, Morocco"
296,Dar Belkabir,4,"12, Souk Des Roseaux, Marrakech, Marrakech-Safi, Morocco"
297,Al Fassia Gueliz Restaurant,4,"55 Boulevard Mohamed Zerktoun, Marrakech, Marrakech-Safi, Morocco"
298,Restaurant El Badia,3.5,"KM6, Route du Barrage Cherifia, Marrakech, Marrakech-Safi, Morocco"
299,Jnane Tamsna,4.5,"Douar Abiad, Marrakech, Marrakech-Safi, Morocco"
300,Wich is Wich: New style. Home style. Food.,4,"140 Fullarton St, London, Ontario, Canada"
301,Les Terrasses de l'Alhambra,3,"Place Jemaa el-Fna, Marrakech, Marrakech-Safi, Morocco"
302,Le Pavillon - Selman Marrakech,4,"Km 5 Route d'Amizmiz, Marrakech, Marrakech-Safi, Morocco"
303,Restaurant Dar Nejjarine,3.5,"35. Derb Sahrij riad el moukha marrakech, Marrakech, Marrakech-Safi, Morocco"
304,Starbucks,2.5,"Avenue Mohammed VI, Marrakech, Marrakech-Safi, Morocco"
305,Marrakech Delight,4,"13 Church Lane, London, England, United Kingdom"
306,Le Marrakech,4,"11 Place de la Motte, Limoges, Haute-Vienne, Nouvelle-Aquitaine, France"
307,Marrakesh,4.5,"517 S Leithgow St, Philadelphia, Pennsylvania"
308,La table du Riad Idra,5,"105 Derb Tizougarine, Marrakech, Marrakech-Safi, Morocco"
309,Amanjena Arva Italian Restaurant,4.5,"Route de Ouarzazate, Marrakech, Marrakech-Safi, Morocco"
310,Luma,5,"Boulevard Mohamed VI, Marrakech, Marrakech-Safi, Morocco"
311,Al Bahriya Seafood Restaurant,4,"75 Bis Av. Moulay Rachid, Marrakech, Marrakech-Safi, Morocco"
312,Le Marrakech,4,"4752b West Swan Rd, West Swan, Swan Valley, Greater Perth, Western Australia, Australia"
313,Restaurant Marrakech,4,"12 rue d Armaille, Paris, Ile-de-France, France"
314,La Table Espagnole Marrakech,2.5,"34 Rue de la Liberte, Marrakech, Marrakech-Safi, Morocco"
315,Fanatic,3,"Boulevard Mohamed V, Essaouira, Marrakech-Safi, Morocco"
316,Marrakech Moroccan Restaurant,3.5,"Agadir, Souss-Massa, Morocco"
317,Le Marrakech,4,"13 avenue General Champon, Grenoble, Isere, Auvergne-Rhone-Alpes, France"
318,GON'S Chicken,4.5,"Av. Hassan II, Marrakech, Marrakech-Safi, Morocco"
319,La Fourchette de Dakar,5,"40 Rue kenaria, Marrakech, Marrakech-Safi, Morocco"
320,Fish house Al Aachabe,5,"Av. Yacoub El Mansour, Marrakech, Marrakech-Safi, Morocco"
321,Ksar El Kabbaba,5,"El Kabbaba El Khamssa, Ouarzazate, Draa-Tafilalet, Morocco"
322,Le Marocain,4,"Avenue Bab Jdid, Marrakech, Marrakech-Safi, Morocco"
323,Restaurant Cafe Palais El Badi,4,"4 Rue Touareg Berrima Bab Mellah, Marrakech, Marrakech-Safi, Morocco"
324,Softy Sweet,4.5,"Rue Ibn Toumerte Et Souraya, Marrakech, Marrakech-Safi, Morocco"
325,Oban,5,"31-33, Derb Jdid, Bab Doukkala, Marrakech, Marrakech-Safi, Morocco"
326,Le Saadi,4.5,"Rue Ibrahim El Mazini, Marrakech, Marrakech-Safi, Morocco"
327,Clay Oven Marrakech,4,"35 Avenue Hassan 2 Gueliz, Marrakech, Marrakech-Safi, Morocco"
328,Les Terrasses de Marrakech,4,"Rue du Riad Zitoune, Marrakech, Marrakech-Safi, Morocco"
329,Grillade Al Baite Chami,4.5,"Med V No 1, Marrakech, Marrakech-Safi, Morocco"
330,Grillade Al Baite Chami,4.5,"Med V No 1, Marrakech, Marrakech-Safi, Morocco"
331,Restaurant Wazani,5,"N_2, Rue des Banques, Marrakech, Marrakech-Safi, Morocco"
332,Chez Mariama Berbere,4.5,"Riad Laarousse N 100, Marrakech, Marrakech-Safi, Morocco"
333,Le Marrakech,4.5,"40 avenue de Paris, Royan, Charente-Maritime, Nouvelle-Aquitaine, France"
334,Dar ima,4,"11 rue de la liberte Guiliz, Marrakech, Marrakech-Safi, Morocco"
335,Terrasse des Teinturiers,4.5,"8 Souk Dellaouine , Sebaghine, Marrakech Medina, Marrakech, Marrakech-Safi, Morocco"
336,Wok Bangkok,4.5,"Residence Amira 14, Marrakech, Marrakech-Safi, Morocco"
337,Chez Eduardo,4.5,"12 Rue Lobnane, Marrakech, Marrakech-Safi, Morocco"
338,O'Mulligan Pub Restaurant,4,"Avenue Hassan II, Marrakech, Marrakech-Safi, Morocco"
339,Djelabar,4,"2 rue Abou Hanifa, Marrakech, Marrakech-Safi, Morocco"
340,Islane Hotel Restaurant,3.5,"279 Av Avenue Mohammed VI, Marrakech, Marrakech-Safi, Morocco"
341,Kosybar,4,"Kzadria, Marrakech, Marrakech-Safi, Morocco"
342,La Ferme Medina Restaurant,4,"Riad Laarouss, Marrakech, Marrakech-Safi, Morocco"
343,La Terrasse de La Brillante - Rooftop,5,"Rue Bahia 6, Riad Zitoun Jdid, Marrakech, Marrakech-Safi, Morocco"
344,Le Marrakech,5,"1-17-7 Oyodonaka, Kita-ku, Osaka, Osaka Prefecture, Kinki, Japan"
345,JAMA,4,"Rue Riad Zitoune el Jdid, Marrakech, Marrakech-Safi, Morocco"
346,Ce soir on dine a Marrakech,3.5,"Avenue Brugmann 408, Brussels, Belgium"
347,Boca Grande Marrakech,4.5,"Avenue Yacoub el Marini, Marrakech, Marrakech-Safi, Morocco"
348,Dabachi Chez Cherif,4.5,"Derb Dabachi, Marrakech, Marrakech-Safi, Morocco"
349,Shirvan,4.5,"Route du Golf Royal, Marrakech, Marrakech-Safi, Morocco"
350,Dar Mima,4.5,"9, derb Zaouia el Kadiria, Marrakech, Marrakech-Safi, Morocco"
351,l'ancien cafe,3.5,"8 Kessariat Kanaria, Marrakech, Marrakech-Safi, Morocco"
352,El Kennaria Restaurant,4.5,"10 Rue El Kennaria, Marrakech, Marrakech-Safi, Morocco"
353,Restaurante Marrakech,4,"Av. de Canovas del Castillo 12, Malaga, Costa del Sol, Province of Malaga, Andalucia, Spain"
354,Eclipse Rooftop,5,"186, Derb chtouka, Marrakech, Marrakech-Safi, Morocco"
355,Cafe Medina Rouge,4.5,"28 Rue Koutoubia, Marrakech, Marrakech-Safi, Morocco"
356,Cafe l'artisan,4.5,"37 Rue Des Banque, Marrakech, Marrakech-Safi, Morocco"
357,Riad Ben Tachfine,5,"227 Derb Jdid, Marrakech, Marrakech-Safi, Morocco"
358,Le Mart,5,"Leather Market, 35, Kimakhine, Marrakech, Marrakech-Safi, Morocco"
359,Snack Les 7 Saints,3,"Place Jema EF N'a, Marrakech, Marrakech-Safi, Morocco"
360,Juliette & chocolat marrakech,4,"Imm1 n3 quartier l'hivernage angle Mohammed VI et Moulay Hassan, Marrakech, Marrakech-Safi, Morocco"
361,Restaurant El Bahia,3.5,"1, Rue Riad Zitoun El Jedid Pres Du Palais El Bahia, Marrakech, Marrakech-Safi, Morocco"
362,Patron de la Mer Restaurant,4,"Rue Oued El Makhazine, Angle Imam Chafai, Marrakech, Marrakech-Safi, Morocco"
363,Palais Chahramane,2.5,"6 rue Sidi Bouchouka arset lamaache, Marrakech, Marrakech-Safi, Morocco"
364,Kafe Fnacque Berbere,4,"Derb Ksour, Marrakech, Marrakech-Safi, Morocco"
365,Restaurant MB Marrakech,5,"N 149 Rue Khalid Ben El Oualid Gueliz, Marrakech, Marrakech-Safi, Morocco"
366,Ksar El Hamra,4,"28 Riad Zitoune Lakdim, Marrakech, Marrakech-Safi, Morocco"
367,Fogo de Chao,4,"Circuit de la palmeraie, Marrakech, Marrakech-Safi, Morocco"
368,Nid'cigogne,4,"60, Place des Tombeaux Saadiens, Marrakech, Marrakech-Safi, Morocco"
369,Iraki Shawarma,4.5,"Derb Dabashi, Marrakech, Marrakech-Safi, Morocco"
370,Restaurant Chaabi,4.5,"Jamaa lafna bani marine n 35, Marrakech, Marrakech-Safi, Morocco"
371,Le Marrakech,4,"Rue Monge, Dijon, Cote d'Or, Bourgogne-Franche-Comte, France"
372,Stylia,4,"34 Rue Ksour Marrakech Medina, Marrakech, Marrakech-Safi, Morocco"
373,Bistrot Romain,4,"Place Du 16 Novembre, Marrakech, Marrakech-Safi, Morocco"
374,Matcha Marrakech,5,"Atar 1 Mag N 2 Angle Av Med 5 et rue Mouatamid ben Abad, Marrakech, Marrakech-Safi, Morocco"
375,Akira Back Marrakech,4.5,"M Avenue Hivernage, Marrakech, Marrakech-Safi, Morocco"
376,Restaurant du Grand Hotel Tazi,2,"Angle Av. El Mouahidine Et Rue Bab Agnaou, Marrakech, Marrakech, Marrakech-Safi, Morocco"
377,IDIL Oriental Restaurant,5,"18 Rue de la Liberte, Marrakech, Marrakech-Safi, Morocco"
378,Mod Milano 1933,4,"Av. Ibn Al Khattib, Marrakech, Marrakech-Safi, Morocco"
379,Chez Aicha,4,"Jemaa el-Fna square, Marrakech, Marrakech-Safi, Morocco"
380,Le Flouka,4,"Le Flouka, Marrakech, Marrakech-Safi, Morocco"
381,Arkech,4,"L'hivernage Marrakech, Marrakech, Marrakech-Safi, Morocco"
382,La Gironde,4.5,"83 Lot du Centre Ouarzazate, Ouarzazate, Draa-Tafilalet, Morocco"
383,Ourika Garden,5,"Vallee de l'Ourika Aghbalou, Ourika, Marrakech-Safi, Morocco"
384,Restaurant le Mediterranee,4.5,"8 Rue Oued El Makhazine Harti, Marrakech, Marrakech-Safi, Morocco"
385,Al Jawda,5,"Avenue Golf, Marrakech, Marrakech-Safi, Morocco"
386,The Sandwich Factory,4.5,"1 Rue Les Vieux Marrakchis, Marrakech, Marrakech-Safi, Morocco"
387,L'assiette du Boucher,4.5,"Avenue Echouhada, Marrakech, Marrakech-Safi, Morocco"
388,Le Chineur,4.5,"Boulevard el Mansour Eddahbi, Marrakech, Marrakech-Safi, Morocco"
389,Jad Jamal,3.5,"N 91, Ibn Youssef, Marrakech, Marrakech-Safi, Morocco"
390,Dar Mimoun,4,"1 Derb Ben Amrane, Marrakech, Marrakech-Safi, Morocco"
391,Dar El Baroud,3,"275 Avenue Mohammed VI, Marrakech, Marrakech-Safi, Morocco"
392,Rooftop Garden,4,"Angle Avenue Echouhada et Rue des Temples, Marrakech, Marrakech-Safi, Morocco"
393,L’Oasis D’Or,2.5,"Douar Kasbah Ait ben Haddou, Ait Ben Haddou, Souss-Massa, Morocco"
394,Cafe Snack Riad laarous,4,"Sidi Bou Amar, Marrakech, Marrakech-Safi, Morocco"
395,Marrakesh by mindo,4.5,"121-122 Capel Street, Dublin, County Dublin, Ireland"
396,Restaurant Tinmel,5,"1 & 4 Derb Khettara-Kaa, Marrakech, Marrakech-Safi, Morocco"
397,McDonald's,3,"Bd Mohammed V, Marrakech, Marrakech-Safi, Morocco"
398,Central Food,3.5,"172 Avenue Mohammed VI, Marrakech, Marrakech-Safi, Morocco"
399,KFC,2.5,"Jamba El Fna, Avenue El Mouahidine, Marrakech, Marrakech-Safi, Morocco"
400,Relais du Lac,4,"Barrage Lalla Takerkoust, Lalla Takerkoust, Marrakech-Safi, Morocco"
401,Restaurant Cherif,3,"18 Rue Banqu Kenaria Medina, Marrakech, Marrakech-Safi, Morocco"
402,Bianco Ice,3.5,"Prolongement Avenue Med VI Zone Touristique D' Agdal, Marrakech, Marrakech-Safi, Morocco"
403,Snack Cafe Oslo,3.5,"Rue Riad Zitoune el Jdid,place JAMAA EL FNA Medina, Marrakech, Marrakech-Safi, Morocco"
404,The Moorish,4.5,"166 Rue Mouassine, Marrakech, Marrakech-Safi, Morocco"
405,Le Dragon d'Or,3,"10 Bis, Bd Zerktouni, Marrakech, Marrakech-Safi, Morocco"
406,La Grillardiere,4,"150 rue Ibn Hanbal Gueliz, Marrakech, Marrakech-Safi, Morocco"
407,Paul Menara Mall,2.5,"Avenue Mohammed VI, Marrakech, Marrakech-Safi, Morocco"
408,Cafe Atlas,4,"Corner of Boulevard Mohamed V and Boulevard Zerktouni, Marrakech, Marrakech-Safi, Morocco"
409,Restaurant Place Des Saveurs,4,"Quartier Juife Bab, Marrakech, Marrakech-Safi, Morocco"
410,Mythe Restaurant,4,"33/35 Place Jammm El Fna, Marrakech, Marrakech-Safi, Morocco"
411,Le Cercle - Billard Cafe,4.5,"29 Rue Benaicha, Marrakech, Marrakech-Safi, Morocco"
412,La Maison Arabe,5,"Quartier Mansour Eddahbi, Ouarzazate, Draa-Tafilalet, Morocco"
413,Al Rimal,5,"43 Derb Fhal Ezzafriti, Marrakech, Marrakech-Safi, Morocco"
414,Fritos,4.5,"23 Avenue Fatima Zahaa, Marrakech, Marrakech-Safi, Morocco"
415,Le Lion d'Or Atlas,4.5,"P1506, Telouet, Souss-Massa, Morocco"
416,Razane,5,"53 Rue Mohammed El Beqal, Marrakech, Marrakech-Safi, Morocco"
417,Medina Heritage,5,"58 angle Rue El Ksour et, Rue Fhal Zefriti, Marrakech, Marrakech-Safi, Morocco"
418,BEY 961,5,"45 Rue De Yougslavie, Marrakech, Marrakech-Safi, Morocco"
419,Chez Madame Khadija,5,"Rue Amsafah, Marrakech, Marrakech-Safi, Morocco"
420,Restaurant Ba-Bouche,4.5,"Rue dar el bacha route sidi abdelaziz, Marrakech, Marrakech-Safi, Morocco"
421,African-chic,3.5,"6 rue Oum Errabia, Marrakech, Marrakech-Safi, Morocco"
422,Cafe Elite Menara Mall,3,"Rue El Imam Malik, Marrakech, Marrakech-Safi, Morocco"
423,Moorish Lounge,4.5,"447 Streatham High Road, London, England, United Kingdom"
424,La Perle Blanche,4.5,"247 Rue Fatima Zouhra Swika Bab Doukkalla, Marrakech, Marrakech-Safi, Morocco"
425,Earth Cafe Marrakech,4,"N 2 Derb Zitoun Elkdim Medina, Marrakech, Marrakech-Safi, Morocco"
426,Majorelle Restaurant,5,"08 Rue Khalid Bnoulwalid, Marrakech, Marrakech-Safi, Morocco"
427,"Fine de Marrakech, cremerie & patisserie",4.5,"Avenue Houmane Fettaouaki Syba, Marrakech, Marrakech-Safi, Morocco"
428,Cafe Bistro Laksour,4,"Boulevard Fatima Zahra, Marrakech, Marrakech-Safi, Morocco"
429,L'Ardoise du Marche,4.5,"Rue Oummo el Banin, Marrakech, Marrakech-Safi, Morocco"
430,Cafe Resto Les Almoravides,4.5,"60 el Baroudiin Ben Youssef Place, Marrakech, Marrakech-Safi, Morocco"
431,Mani A Mano,4.5,"rue El Imam Chaffi, Marrakech, Marrakech-Safi, Morocco"
432,Bazz'Art Lounge,4.5,"Rue Haroun Errachid, Marrakech, Marrakech-Safi, Morocco"
433,Le Kilim,4.5,"No 3 REZ-DE-CHAUSSEE, Immeuble Dani 36 Sis Angle Rue La Liberte & Rue Tarik Ben Ziad, Marrakech, Marrakech-Safi, Morocco"
434,Chez Ouazzani,4,"Rue Benaicha, Marrakech, Marrakech-Safi, Morocco"
435,dar yakut,4,"79, Derb Sidi Ahmed Soussi / Bab Doukkala -, Marrakech, Marrakech-Safi, Morocco"
436,Le Relais de Paris,4,"Hotel Les Jardins de La Koutoubia, Marrakech, Marrakech-Safi, Morocco"
437,La Table Du Marche Gourmet Market Menara Mall,4,"Corner Avenue Prince Moulay Rachid and Avenue Mohammed VI, Marrakech, Marrakech-Safi, Morocco"
438,Sky Bar Armani,4,"Gueliz Marrakech, Marrakech, Marrakech-Safi, Morocco"
439,Yamy's,4,"111 Place Jamaa El Fna, Marrakech, Marrakech-Safi, Morocco"
440,Dar Essalam,4,"170 Riad Zitoun Kedim, Marrakech, Marrakech-Safi, Morocco"
441,Snack la place,4,"Place Jma El Fna, Marrakech, Marrakech-Safi, Morocco"
442,Restaurant Place des Ferblantiers,3.5,"12 Place des Ferblantiers, Marrakech, Marrakech-Safi, Morocco"
443,Moroccan Dinner Show,3,"Rue Ibrahim El Mazini, Marrakech, Marrakech-Safi, Morocco"
444,Restaurant Gastronomique,4.5,"Ibrahim El Mazini, Marrakech, Marrakech-Safi, Morocco"
445,Cafe Baganziz,4.5,"Rue Des Banque, Marrakech, Marrakech-Safi, Morocco"
446,Nuvo Restaurant Lounge,4.5,"Rue el imam malik, Marrakech, Marrakech-Safi, Morocco"
447,World Storytelling Cafe Vegan,5,"93 Souk Al Fassis, Marrakech, Marrakech-Safi, Morocco"
448,Restaurant Elzguerona,5,"Route Ourika km 54,5, Ourika, Marrakech-Safi, Morocco"
449,Projet M,5,"Angle Ibn Hanbal, Marrakech, Marrakech-Safi, Morocco"
450,Cafe Restaurant Chez l'Habitant,5,"Km 23 Route de Sidi Rahal, Marrakech, Marrakech-Safi, Morocco"
451,Lila Gueliz,4.5,"166-176 avenue Mohamed V, Marrakech, Marrakech-Safi, Morocco"
452,Riad Al Kadar,5,"132 , Derb Jamaa, Marrakech, Marrakech-Safi, Morocco"
453,Restaurant La Terrasse Du Marche,4.5,"114 Rue Houmane Fetouaki, Marrakech, Marrakech-Safi, Morocco"
454,Restaurant Le Grand Bazar,5,"RUE EL GUASSABINE, Marrakech, Marrakech-Safi, Morocco"
455,Chez Ben Driss,4,"Place Jamaa El Fna No 50, Marrakech, Marrakech-Safi, Morocco"
456,La Fromagerie,4.5,"Douar Larabe, Essaouira, Marrakech-Safi, Morocco"
457,Bendoo,4,"Avenue Echouhada, Marrakech, Marrakech-Safi, Morocco"
458,Cafe Snack Chinguitti,4,"107 Rahba Lakdima, Marrakech, Marrakech-Safi, Morocco"
459,Le Petit Chinois,4,"Rue du Jbel Sarho, Marrakech, Marrakech-Safi, Morocco"
460,Kfe BD,4,"Derb Ftheu, Marrakech, Marrakech-Safi, Morocco"
461,Restaurant Palais Sebban,4,"43, Derb My Abdellah Ben Hsseine, Quartier Laksour Mediana, Marrakech, Marrakech-Safi, Morocco"
462,Amore Italiano,3.5,"Route de l'Ourika, Marrakech, Marrakech-Safi, Morocco"
463,Turkish SteakHouse,4,"47 Residence Almarwa Rue De Loubnane, Marrakech, Marrakech-Safi, Morocco"
464,Pastaz by Catanzaro,3.5,"27 rue Imam Chafai, Marrakech, Marrakech-Safi, Morocco"
465,Le Carioca,3.5,"120, rue Med al Baqual Residence M'barka, Marrakech, Marrakech-Safi, Morocco"
466,El Waha,3,"1, riad Zitoun el Kedim, Marrakech, Marrakech-Safi, Morocco"
467,Cafe Lobo,3.5,"Av Med 6 Residence des Oliviers, Marrakech, Marrakech-Safi, Morocco"
468,Restaurant Diaffa,3.5,"1 Rue Jbel Lakhdar, Marrakech, Marrakech-Safi, Morocco"
469,Brasserie La Renaissance,3,"89 angle boulevard Zerktouni et boulevard Mohamed V Marrakech, Marrakech, Marrakech-Safi, Morocco"
470,Fishermens Huts,3,"Fishermans Huts Entrance to the Port, Essaouira, Marrakech-Safi, Morocco"
471,Restaurant Art & Emotions,5,"2 Rue Riad Zitoun El-Kdim, Marrakech, Marrakech-Safi, Morocco"
472,Malah Cafe And Restaurant,5,"23 place des Ferblantiers, Marrakech, Marrakech-Safi, Morocco"
473,Dar Naima Restaurant,5,"1, Derb El Ouartani, Mouassine, Marrakech, Marrakech-Safi, Morocco"
474,Da Gino,4.5,"Boulevard Mohamed VI, Marrakech, Marrakech-Safi, Morocco"
475,Caravane Cafe,4.5,"2 Bis, Rue Du Qadi Ayad, Essaouira, Marrakech-Safi, Morocco"
476,Pik-Nik Snack,4,"Bld. El Mouhidine, N 6 a 50 M D'hotel Tazi, Marrakech, Marrakech-Safi, Morocco"
477,Tagine - One&Only Royal Mirage,4,"Al Sufouh Road, Dubai, Emirate of Dubai, United Arab Emirates"
478,Rustic,4,"300 Via Archimedes, Geyserville, Sonoma County, California"
479,Les Terrasses de Jemaa El Fna,5,"Boulevard des Banques rue Zaari N 32, Marrakech, Marrakech-Safi, Morocco"
480,Pizza Hut,3,"6 Boulevard Mohamed V, Marrakech, Marrakech-Safi, Morocco"
481,Amatto,4,"57, Rue de Paris, Marrakech, Marrakech-Safi, Morocco"
482,Manchego Bar Lounge,3.5,"Avenue Mohammed VI, Marrakech, Marrakech-Safi, Morocco"
483,Bella Italia,4,"Avenue Mohammed VI, Marrakech, Marrakech-Safi, Morocco"
484,Les Jardins du Gueliz,4,"Rue Oued Makhzine, Marrakech, Marrakech-Safi, Morocco"
485,Riad & Spa Mabrouk,3.5,"Rue Bani Marine, Marrakech, Marrakech-Safi, Morocco"
486,Riad Dar Tim Tam,3,"42 44, Rue Rahba Lakdima, Marrakech, Marrakech-Safi, Morocco"
487,Cafe Restaurant Atlas,3,"Sidi el Mokhtar, Essaouira, Marrakech-Safi, Morocco"
488,Les Negociants,4,"Angle Avenue Mohammed V-Boulevard Mohamed Zerktouni, Marrakech, Marrakech-Safi, Morocco"
489,La Table de la Koutoubia,4,"Av. Mohammed V, Marrakech, Marrakech-Safi, Morocco"
490,Food Zone,5,"3 Avenue Hassan II, Marrakech, Marrakech-Safi, Morocco"
491,L'Atelier Cuisine,4.5,"8 Rue Oued El Makhazine, Gueliz,, Marrakech, Marrakech-Safi, Morocco"
492,Riad Les Oliviers restaurant,4.5,"47 - 48 Rue de la Bahia, Marrakech, Marrakech-Safi, Morocco"
493,Khamsa,4.5,"1503 15th St, San Francisco, California"
494,L' O a la Bouche,4.5,"les Aires, Bauduen, Var, Provence-Alpes-Cote d'Azur, France"
495,Pinnochio Gelato,4.5,"226 Sidi Abbad, Marrakech, Marrakech-Safi, Morocco"
496,Le Petit Napolitain,5,"Mohammed El Beqqal, Marrakech, Marrakech-Safi, Morocco"
497,Valse,4.5,"RDC Residence City Garden, Rue Yougoslavie, Marrakech, Marrakech-Safi, Morocco"
498,NIAMA Snack Restaurant,4.5,"Rue Riad Zitoune Lakdim, Marrakech, Marrakech-Safi, Morocco"
499,Restaurant Gargot,4.5,"12 rue Bani Marine, Marrakech, Marrakech-Safi, Morocco"
500,Restaurant Lafarmacie,5,"Place Jeema El Fna, 52 Rue Des Banques, Marrakech, Marrakech-Safi, Morocco"
501,La Pronto Pizza,5,"Rue Mohamed El Beqal, Marrakech, Marrakech-Safi, Morocco"
502,The Queen Victoria,4.5,"Rue Guemassa, Marrakech, Marrakech-Safi, Morocco"
503,KECH - Moroccan Mezze Bar,4.5,"Rua Afonso Sanches 47 A1, Cascais, Lisbon District, Central Portugal, Portugal"
504,Restaurant Dar Baraka,5,"5 Db My Abdallah Ahd Suezzara, Meknes, Fes-Meknes, Morocco"
505,Babakish - Restaurant Libanais Marrakech,4.5,"66 Rue Tarik Ibn Ziad, Marrakech, Marrakech-Safi, Morocco"
506,The Original Camp Agafay,5,"Agafay, Marrakech-Safi, Morocco"
507,La Collegiale,4.5,"78 Boulevard HASSAN II, Marrakech, Marrakech-Safi, Morocco"
508,El Beyrouti,4.5,"10 rue El Kennaria, Marrakech, Marrakech-Safi, Morocco"
509,Casa Del Jefe,4.5,"Boulevard Moulay Rachid, Marrakech, Marrakech-Safi, Morocco"
510,Iouifood,5,"Bab Agnaw, Marrakech, Marrakech-Safi, Morocco"
511,Ourika Organic Kitchen,5,"Douar Ait Bounit, Sidi Abdellah Ghiate, Ourika, Marrakech-Safi, Morocco"
512,Marrakesh,4,"2334 2nd Ave, Seattle, Washington"
513,Caftan,4.5,"37 Avenue Pasteur, Luxembourg City, Luxembourg"
514,Marrakech Restaurante Las Palmas,4,"Calle Juan Manuel Duran Gonzalez, 46, Las Palmas de Gran Canaria, Gran Canaria, Canary Islands, Spain"
515,La Perle du Liban Marrakech,4.5,"Angle Av. El Mouahiddine et, Rue Bani Marine, Marrakech, Marrakech, Marrakech-Safi, Morocco"
516,Palace Darkum - Sofitel Marrakech,4.5,"Rue Harroun Errachid, Marrakech, Marrakech-Safi, Morocco"
517,#14,4,"Djemaa el-Fna, Marrakech, Marrakech-Safi, Morocco"
518,Bejganni,4,"Rue Benaicha, Marrakech, Marrakech-Safi, Morocco"
519,Chesterfield Pub,3.5,"115 Avenue Mohammed VI, Marrakech, Marrakech-Safi, Morocco"
520,Chez El Bahia,4,"Riad Zitoune El Kdim, 206, Marrakech, Marrakech-Safi, Morocco"
521,Arabesque,4.5,"4 E 36th St, New York City, New York"
522,RESTAURANT DOUYRIA,4.5,"Avenue Mohamed V, Ouarzazate, Draa-Tafilalet, Morocco"
523,Fire a& Stone,3.5,"31-32 Maiden Lane, London, England, United Kingdom"
524,Rocky Star Cocktail Bar,4.5,"Senapati Bapat Marg, Mumbai, Maharashtra, India"
525,Restaurant Palais Arabe,4,"2, Place Jamaa El Fna, Medina, Marrakech, Marrakech-Safi, Morocco"
526,La Taverne,4,"23, Bd Mohamed Zerktouni, Marrakech, Marrakech-Safi, Morocco"
527,Le Markech,4,"279 Avenue Mohammed VI, Marrakech, Marrakech-Safi, Morocco"
528,Cafe Restaurant Bladna,4,"Km 6 Route d'Ourika, Marrakech, Marrakech-Safi, Morocco"
529,El Bahia,4,"37 Wicklow Street, Dublin, County Dublin, Ireland"
530,Sky 5,4,"Boulevard Mohammed VI, Marrakech, Marrakech-Safi, Morocco"
531,Palais Dar D'mana,4,"1 rue Marrakech Medina, Marrakech, Marrakech-Safi, Morocco"
532,Sahara Marocain,4,"35, Rue Sidi Abdel Aziz Riad Laarousse, Marrakech, Marrakech-Safi, Morocco"
533,IL y a un Restaurant,4,"Rue Mauritanie, Marrakech, Marrakech-Safi, Morocco"
534,Cafe Restaurant l'Etoile,3.5,"49 rue Bab Agnaou, Marrakech, Marrakech-Safi, Morocco"
535,Cappucino,3.5,"Avenue Echouhada, Marrakech, Marrakech-Safi, Morocco"
536,La Petite Gorge Restaurant,4.5,"2 km Avant Les Gorge de Todgha, Tinerhir, Souss-Massa, Morocco"
537,Le Bled,3.5,"Kennaria 6 Djemaa el Fna, Marrakech, Marrakech-Safi, Morocco"
538,S Bar Sports Lounge,2.5,"Sport lounge, rue Oum Errabia, Marrakech, Marrakech-Safi, Morocco"
539,Les Maitres du Pain,3,"Victor Hugo, Marrakech, Marrakech-Safi, Morocco"
540,Les Maitres du Pain,3,"Victor Hugo, Marrakech, Marrakech-Safi, Morocco"
541,Red Garden,2.5,"7 AV Allal AL Fassi Imm EL Omairi, Marrakech, Marrakech-Safi, Morocco"
542,Oliveri,3.5,"Carre Eden, Marrakech, Marrakech-Safi, Morocco"
543,SOME - slow concept store,5,"76 Boulevard Mansour Edhabi, Marrakech, Marrakech-Safi, Morocco"
544,kartell kollektiv.,5,"Rue Halab 14, Marrakech, Marrakech-Safi, Morocco"
545,Cafe Bibliotheque,4.5,"Marrakech Medina, souk area, Marrakech, Marrakech-Safi, Morocco"
546,Da Nayla Pizzeria,5,"15 bis rue Mohamed El Bequal, Marrakech, Marrakech-Safi, Morocco"
547,La Recette,5,"Imm N_3 Boulvard Yacoub, Marrakech, Marrakech-Safi, Morocco"
548,La Tangeroise,4.5,"Rue Riad Zitoun El Kedim, Marrakech, Marrakech-Safi, Morocco"
549,La Marrakech Gris,5,"Avenue 29 Fevrier, Agadir, Souss-Massa, Morocco"
550,Soleil de Marrakech,4.5,"32 B route de Chinon, Noyant-de-Touraine, Sainte-Maure-de-Touraine, Indre-et-Loire, Centre-Val de Loire, France"
551,Rotisserie de la Paix,4.5,"68 Rue Yougoslavie, Marrakech, Marrakech-Safi, Morocco"
552,Dar Isselday,5,"Douar tisselday - ouarzazate maroc, Ouarzazate, Draa-Tafilalet, Morocco"
553,ArrozBar,5,"Rue Moulay Ali, Marrakech, Marrakech-Safi, Morocco"
554,Cafe-Restaurant Assanfou,4.5,"N9, Ait Azzi, Marrakech-Safi, Morocco"
555,Tierra y Mar,4.5,"99 Rue Mohamed El Bakkal, Marrakech, Marrakech-Safi, Morocco"
556,Pikala Cafe,4.5,"139 Arset Aouzal Rd, Marrakech, Marrakech-Safi, Morocco"
557,Brunch Terrasses,4.5,"Numero 1, Imm 10 Rue Camille Cabana, Marrakech, Marrakech-Safi, Morocco"
558,Marrakchiya,5,"N_ 109 Rue Azbezt, Marrakech, Marrakech-Safi, Morocco"
559,AYASO Medina,4.5,"Rahba Kedima 168, Marrakech, Marrakech-Safi, Morocco"
560,Food On Demand,4.5,"78 Boulevard Abdelkrim El Khattab, Marrakech, Marrakech-Safi, Morocco"
561,Le Canot Restaurant Marrakech,5,"Route de Casablanca, Marrakech, Marrakech-Safi, Morocco"
562,"Restaurant Anna & Paolo, Tanger",4.5,"Avenue Lafayette angle Prince Heritier, Tangier, Tanger-Tetouan-Al Hoceima, Morocco"
563,Menthe & Safran,4.5,"Rue de l'Enseignement 49, Brussels, Belgium"
564,Sushiko,4,"Gueliz Rue El Imam Malik, Marrakech, Marrakech-Safi, Morocco"
565,Marrakech,3.5,"Block 86, 90th Street, 5th Settlement, Cairo, Cairo Governorate, Egypt"
566,Billys Burger Marrakech,4,"15 rue Imam Chafii, Marrakech, Marrakech-Safi, Morocco"
567,Aqua Pazza,3.5,"89 Angle Av Mohamed V & Bd Zerktouni, Marrakech, Marrakech-Safi, Morocco"
568,Pousse-Pousse,3.5,"Marrakech, Marrakech-Safi, Morocco"
569,Le Jardin des Aromes,4.5,"69 Avenue Mohamed V, Ouarzazate, Draa-Tafilalet, Morocco"
570,Kaiss Kitchen,5,"69 Derb Jdid, Riad Zitoun Kedim, Marrakech, Marrakech-Safi, Morocco"
571,CoteSud,4.5,"Bp 710, Ouarzazate, Draa-Tafilalet, Morocco"
572,Nommos,4.5,"Boulevard Mohamed 6, Marrakech, Marrakech-Safi, Morocco"
573,Restaurant & Bar Dar Justo,4.5,"35, Derb Chorfa Lakbir, Marrakech, Marrakech-Safi, Morocco"
574,Delice Ferkouss,4,"Avenue Hassane 2, Marrakech, Marrakech-Safi, Morocco"
575,Marrakech,4.5,"1413 N Ashland Ave, Chicago, Illinois"
576,Riad Marrakech 2,4.5,"9 Avenue Sylvain Marian, Lacanau-Ocean, Lacanau, Gironde, Nouvelle-Aquitaine, France"
577,Mamita Marrakech,4.5,"Carretera Arenal 54, El Arenal, Majorca, Balearic Islands, Spain"
578,Patashou,4,"12, Residence Jacaranda-Gueliz-Marrakech- En Face de la Clinique Chifaa, Marrakech, Marrakech-Safi, Morocco"
579,La Maison du Poulet,4,"Angle Avenue Mohamed VI et Route Targa, Marrakech, Marrakech-Safi, Morocco"
580,Restaurante Marrakesh,4,"Calle Verger 1, Valencia, Province of Valencia, Valencian Community, Spain"
581,Cafe Las Torres De Majorelle,4,"Avenue Yacoub El Mansour, Marrakech, Marrakech-Safi, Morocco"
582,Charif Patisserie Restaurant,4,"Rue Oued El Makhazine Magazine 1, Marrakech-Safi, Morocco"
583,Le Caspien,4,"12 Rue Lobnane, Marrakech, Marrakech-Safi, Morocco"
584,L’atelier des Saveurs,4,"Avenue El Glaoui, Marrakech, Marrakech-Safi, Morocco"
585,Domaine Royal Palm,4,"Km 12 Route d'Amizmiz BP 2470 Marrakech, Marrakech, Marrakech-Safi, Morocco"
586,Cafe Restaurant Maazouz,4,"192 - 194 Rue Rahba El Kedima, Marrakech, Marrakech-Safi, Morocco"
587,Restaurant les Terrasses,4,"202 Derb Bab Doukkala, Marrakech, Marrakech-Safi, Morocco"
588,Cafe Restaurant Al Jazeera,4,"Near Gare Routiere, Marrakech, Marrakech-Safi, Morocco"
589,La Pause Restaurant,4,"Douar Lmih Laroussiene, Marrakech, Marrakech-Safi, Morocco"
590,Witch Snack,4,"10 Bis Bd Lalla Fatima Zahra, Marrakech, Marrakech-Safi, Morocco"
591,Le Samovar,4,"Boulevard Moulay Rachid, Marrakech, Marrakech-Safi, Morocco"
592,Lola Sky Lounge,3,"Rue Oued El Makhazine, Angle Rue Imam Chafai, Marrakech, Marrakech-Safi, Morocco"
593,Riad des Mers,3.5,"411 derb SIDI messaoud, Marrakech, Marrakech-Safi, Morocco"
594,Bab Marrakesh,3.5,"Rue de Massa, Agadir, Souss-Massa, Morocco"
595,Sesame Garden,3,"Jamaa El Fna, Marrakech, Marrakech-Safi, Morocco"
596,Ristorante Luigi,3,"Gare ONCF, Marrakech, Marrakech-Safi, Morocco"
597,La Plage Rouge,3,"Route de l' Ourika, Marrakech, Marrakech-Safi, Morocco"
598,El Andalusiya,3.5,"Rue De La Kasbah, Marrakech, Marrakech-Safi, Morocco"
599,Le Comptoir Marrakech,4.5,"6 Place Saint Pierre, St-Chamond, Loire, Auvergne-Rhone-Alpes, France"
600,l' Escale de Marrakech,4.5,"49 B avenue du General Michel Bizot, Paris, Ile-de-France, France"
601,Tangier Cafe,4,"284 Main St, Great Barrington, Massachusetts"
602,News Cafe,4,"1Rue Abou Baker Seddiq L'hivernage, Marrakech, Marrakech-Safi, Morocco"
603,Nabab,3.5,"Avenue Mohammed VI, Marrakech, Marrakech-Safi, Morocco"
604,Le Marrakech,3.5,"Bahnhofplatz 6, Konstanz, Baden-Wurttemberg, Germany"
605,Casa Garcia Y Hijos,5,"Marrakech Plaza, Place du 16 Novembre, Marrakech, Marrakech-Safi, Morocco"
606,Ice Mama,5,"27 Galerie de la Liberte -Gueliz, Marrakech, Marrakech-Safi, Morocco"
607,Le Namaskar Restaurant,4.5,"Palais Namaskar, Marrakech, Marrakech-Safi, Morocco"
608,Chez rania,4.5,"26, Angle Tariq Ibn Ziad Et My Ali, Marrakech, Marrakech-Safi, Morocco"
609,Ikura Sushi,5,"Rue Oued Nafis Residence Hamza 1, Marrakech, Marrakech-Safi, Morocco"
610,Chez Bejgueni,4.5,"21 Rue Ibn Aicha, Marrakech, Marrakech-Safi, Morocco"
611,ZwenZwen Rooftop Restaurant,5,"10 Rue el Moustachfa, Marrakech, Marrakech-Safi, Morocco"
612,Safran By Koya,5,"Rue Jbel Lakhdar, Marrakech, Marrakech-Safi, Morocco"
613,Taberna12,4.5,"12 Rue Lobnane, Marrakech, Marrakech-Safi, Morocco"
614,Pizza Abdou,5,"Rue el Gza, Marrakech, Marrakech-Safi, Morocco"
615,Darbouka,5,"Rue De La Kasbah, Marrakech, Marrakech-Safi, Morocco"
616,The Pool Garden,4.5,"Route du Golf Royal, Marrakech, Marrakech-Safi, Morocco"
617,Al Fadl,4.5,"Rue El Imam Malik, Marrakech, Marrakech-Safi, Morocco"
618,Le Mouflon,4.5,"Rue Asni, Ouirgane, Marrakech-Safi, Morocco"
619,Stall 32,4.5,"Corner of food stalls jemaa el fnaa market, Marrakech, Marrakech-Safi, Morocco"
620,Pizzeria Niagara,4.5,"31-32 Cente COMMERCIAL Ennakhil route de Targa, Marrakech, Marrakech-Safi, Morocco"
621,SPICY - Asian Kitchen,4.5,"91 rue Mohamed el Beqal, Marrakech, Marrakech-Safi, Morocco"
622,AZZERA,4,"1 Boulevard de la Menara, Marrakech, Marrakech-Safi, Morocco"
623,C house marrakech,4,"9 Avenue Mohamed Vl et Avenue My Hassan, Marrakech, Marrakech-Safi, Morocco"
624,Le Kesh,4.5,"180 Cowley Road, Oxford, Oxfordshire, England, United Kingdom"
625,KARMA Cafe Marrakech,4,"11 Avenue Mohammed VI, Marrakech, Marrakech-Safi, Morocco"
626,Le basilic restaurant des reves,5,"Km 27 Depuis Boumalne Dades, Boumalne Dades, Souss-Massa, Morocco"
627,Berber Food Restaurant,5,"Ksar mellab, Errachidia, Meknes-Tafilalet Region, Morocco"
628,Il Mago Merlino,4.5,"Via dei Pilastri 31r, Florence, Tuscany, Italy"
629,Ryad Alya,5,"8 bis Derb EL Guebbass, Fes, Fes-Meknes, Morocco"
630,Rim Atlas,4.5,"79, Hay Darkoum Avenue hassan II, Beni Mellal, Beni Mellal-Khenifra, Morocco"
631,Le Zinc,4.5,"Route de Safi, Marrakech, Marrakech-Safi, Morocco"
632,The Patio at Dar Hanane,5,"9 Derb Lalla Azzouna, Marrakech, Marrakech-Safi, Morocco"
633,alma,5,"Angle Rue Allal Ben Ahmed, Marrakech, Marrakech-Safi, Morocco"
634,Kesh Cup,5,"Route Sidi Abdelaziz 29, Marrakech, Marrakech-Safi, Morocco"
635,Le Marrakech,4,"19 rue Castellane, Toulouse, Haute-Garonne, Occitanie, France"
636,La Casita Mexicana,5,"Calle Moncayo 12, Fuengirola, Costa del Sol, Province of Malaga, Andalucia, Spain"
637,RIAD MARRAKECH,4.5,"167 av de la Liberation C de Gaulle, Le Bouscat, Bordeaux, Gironde, Nouvelle-Aquitaine, France"
638,Les Jardins de Marrakech,4.5,"Place de la Liberation, Privas, Ardeche, Auvergne-Rhone-Alpes, France"
639,C House Coffee Shop,4,"Avenue Mohammed VI, Marrakech, Marrakech-Safi, Morocco"
640,Plats Haj Boujemaa,4,"65 Rue Mohamed El Bakkal, Marrakech, Marrakech-Safi, Morocco"
641,Le Souk,4,"98 quai du Port, Marseille, Bouches-du-Rhone, Provence-Alpes-Cote d'Azur, France"
642,Fuddruckers Marrakech,3,"Avenue Abdelkrim Khettabi, Marrakech, Marrakech-Safi, Morocco"
643,Pizzeria Venezia,3,"279 Avenue Mohammed VI, Marrakech, Marrakech-Safi, Morocco"
644,Victor Paris,3.5,"Avenue Mohammed VI, Marrakech, Marrakech-Safi, Morocco"
645,La Medina,3.5,"13 Derb El Hammam - Guerniz, Fes, Fes-Meknes, Morocco"
646,Mandaloun Restaurant Libanais,2.5,"Marrakech Rue Mohammed - Residence Meriem-4000, Marrakech, Marrakech-Safi, Morocco"
647,La Poele Marrakech,4.5,"Lot 17, Residence A Immeuble 1, Magasin N_1, Marrakech, Marrakech-Safi, Morocco"
648,SABICH MARRAKECH,5,"110 Rue Fatima Zahra, Dar El Bacha, Marrakech, Marrakech-Safi, Morocco"
649,BestBurger Marrakech,5,"10 St Sourya, Marrakech, Marrakech-Safi, Morocco"
650,Hotel restaurant azilal,5,"Ourika sitti fatima, Ourika, Marrakech-Safi, Morocco"
651,Ksar Char-Bagh,4.5,"Palmeraie de Marrakech, Marrakech, Marrakech-Safi, Morocco"
652,Gusto,4.5,"Bd Mohamed VI, Marrakech, Marrakech-Safi, Morocco"
653,Pasta Cosy,4.5,"Circuit de la Palmeraie, Marrakech, Marrakech-Safi, Morocco"
654,Casa Mounia,4.5,"3 Rue Laalouj, Essaouira, Marrakech-Safi, Morocco"
655,Le Marrakech,4,"20 boulevard de Strasbourg, Nogent-sur-Marne, Val-de-Marne, Ile-de-France, France"
656,1000 & 1 Signes,5,"76 rue de Charonne, Paris, Ile-de-France, France"
657,Ksar Merzouga,4.5,"Hassi labiad Merzouga, Merzouga, Draa-Tafilalet, Morocco"
658,Kasbah Tafarnout,4.5,"Number 74 Av Mohammed V, Ouarzazate, Draa-Tafilalet, Morocco"
659,Auberge Azaddou Tamlalt,4.5,"Ait Ben Haddou Amerzegan Ouarzazate, Ait Ben Haddou, Souss-Massa, Morocco"
660,La Pergola,4.5,"19 Boulevard Moulay Rachid, Casablanca, Casablanca-Settat, Morocco"
661,Restaurant Omazonia,4.5,"Angle Avenue Echouhada, rue de paris, quartier de l'Hivernage, Marrakech, Marrakech-Safi, Morocco"
662,La Rose Des Sables Restaurant Pizzeria,4.5,"km 1 Route de Zagora N9 Tabounte CR Tarmigte, Ouarzazate, Draa-Tafilalet, Morocco"
663,Ocha Sushi,4,"43 Rue Yugoslavie, Gueliz, Marrakech, Marrakech-Safi, Morocco"
664,Dar Passtilla,4,"Rue des Banques, Marrakech, Marrakech-Safi, Morocco"
665,La Lune d'Or Restaurant,4,"Circuit de la Palmeraie, Marrakech, Marrakech-Safi, Morocco"
666,Cafe Bousafsaf,4,"Rue Yves Saint Laurent, Marrakech, Marrakech-Safi, Morocco"
667,Moncho's House,4,"Rue Imam Chafai, Marrakech, Marrakech-Safi, Morocco"
668,Chez Achraf Cafe Ben Youssef,4,"20 Av. El Hanaa M, Marrakech, Marrakech-Safi, Morocco"
669,Hivernage Hotel & Spa,4,"Angle Ave Echouhada et Rue des Temples, Marrakech, Marrakech-Safi, Morocco"
670,Snack Les Visiteur De La Koutoubia,4,"Rue Fatima Zouhra Rmila 7, Marrakech, Marrakech-Safi, Morocco"
671,La Cantina,4,"La Palmeraie, Marrakech, Marrakech-Safi, Morocco"
672,La Porte du Marrakesh,4,"Rue Riad Zitoune Jdid, Marrakech, Marrakech-Safi, Morocco"
673,Mogador Fish,4,"Rue Ben Marin Imm. Mallali, Marrakech, Marrakech-Safi, Morocco"
674,Oriental Legend,4,"52, Rue Bab Agnaou, Marrakech, Marrakech-Safi, Morocco"
675,Restaurant Fayrouz,4,"12 Boulevard Abdelkrim Al Khattabi, Marrakech, Marrakech-Safi, Morocco"
676,Restaurant Al Khayma,5,"Passage Prince Moulay Rachid, Marrakech, Marrakech-Safi, Morocco"
677,Restaurant Riad Omar,3,"22, Rue Bab Agnaou, Marrakech-Safi, Morocco"
678,Al Ahbab Fast Food,3.5,"70 Rue de Bab Agnaou, Marrakech, Marrakech-Safi, Morocco"
679,La bonne adresse,3.5,"Rue Yves Saint Laurent, Marrakech, Marrakech-Safi, Morocco"
680,Baba Turc,3.5,"2 Avenue De La Menara, Marrakech, Marrakech-Safi, Morocco"
681,Almasraf Restaurant - Cafe,3.5,"23 Rte Dar Daou, Marrakech, Marrakech-Safi, Morocco"
682,Vamos,3.5,"Zone de l'Agdal, bv Mohamed 6, Marrakech, Marrakech-Safi, Morocco"
683,Restaurant Bab Sbaa,3.5,"Place de la Rochelle, Complexe Commercial Bin Al Aswar, Essaouira, Marrakech-Safi, Morocco"
684,Argane Tichka Restaurant,3.5,"Douar Amsitane, Amadsiydal, Marrakech-Safi, Morocco"
685,Le Maitre De Viande,3.5,"Rue Ibn Toumert, Marrakech, Marrakech-Safi, Morocco"
686,Snack Adam,5,"197 Hotel De France , Riad Zitoune Lakdim, Marrakech, Marrakech-Safi, Morocco"
687,Le Marocain,4,"47 rue des Couteliers, Toulouse, Haute-Garonne, Occitanie, France"
688,Katopazzo & die Totem Bar,4,"Amalienstr. 87, Munich, Upper Bavaria, Bavaria, Germany"
689,Tacos de Lyon (Bourgogne),4,"Rue de Goulmima, Casablanca, Casablanca-Settat, Morocco"
690,Le Mecano,4,"194 Rue Mohamed El Bakkal, Marrakech, Marrakech-Safi, Morocco"
691,Touroug Cafe,2.5,"Ksar Touroug, Errachidia, Meknes-Tafilalet Region, Morocco"
692,Hotel Ouzoud,3,"Route de Marrakech, Km. 3, Beni Mellal, Beni Mellal-Khenifra, Morocco"
693,Starbucks,3,"Boulevard De L'Ocean Atlantique, Casablanca, Casablanca-Settat, Morocco"
694,Teteria Cordoba,3.5,"Calle Buen Pastor 19, Cordoba, Province of Cordoba, Andalucia, Spain"
695,Milagros Restaurant,3.5,"West Palmarie, Marrakech, Marrakech-Safi, Morocco"
696,Casa de Hoy,5,"N. 12 Rue Abou Bakr Seddiq, Marrakech, Marrakech-Safi, Morocco"
697,Amasia,5,"11 Derb Nousrial, Marrakech, Marrakech-Safi, Morocco"
698,Ecriture,4,"80 Queen's Road Central, Hong Kong, China"
699,Nouba,3.5,"Zone Touristique de l_Agdal, Boulevard Mohamed 6, Marrakech, Marrakech-Safi, Morocco"
700,Cafe de France,3,"Piazza Mulay Hassan, Essaouira, Marrakech-Safi, Morocco"
701,El Khaima,3,"Rue Laalouj, Essaouira, Marrakech-Safi, Morocco"
702,Brunch & Co,3.5,"Avenue Sidi Mohamed Ben Abdellah, Essaouira, Marrakech-Safi, Morocco"
703,Delices et Saveurs,4.5,"Rue Boutouil, Essaouira, Marrakech-Safi, Morocco"
704,Red Marrakech,4,"Via Santa Chiara 7, Naples, Province of Naples, Campania, Italy"
705,Cafe Restaurant Central,4.5,"Av Hassan 11, Tinerhir, Souss-Massa, Morocco"
706,Broadway Dive,4,"2662 Broadway, New York City, New York"
707,Malebon Cafe,4,"21 Kingsbury, Aylesbury, Aylesbury Vale, Buckinghamshire, England, United Kingdom"
708,Sahara City,4,"Route de La Foret, St Martin, Guernsey, Channel Islands, United Kingdom"
709,Restaurant al Fassia,3,"21 Rue Salaj, Fes, Fes-Meknes, Morocco"
710,Kasbah Valentine Restaurant,4.5,"Ait Ben Haddou, Souss-Massa, Morocco"
711,Scorpion House,4.5,"Scorpion House 54 Drouj El Hafa, Moulay Idriss, Meknes-Tafilalet Region, Morocco"
712,La Petite Perle,4,"Entre la Place de l'Horloge et La Casbah, Essaouira, Marrakech-Safi, Morocco"
713,La Kasbah,4,"Rue Antoine Dansaert 20, Brussels, Belgium"
714,Bab Marrakech,4,"Route casa km 15 adroite vers Marrakech, Marrakech, Marrakech-Safi, Morocco"
715,Tangia,4,"Wyndham Grand Hotel, Doha, Qatar"
716,Meimo,4.5,"69/70 Peascod Street, Windsor, Windsor and Maidenhead, Berkshire, England, United Kingdom"
717,le jardin majorelle,4.5,"Rue des Puits l'Eau 33, Tournai, Hainaut Province, Wallonia, Belgium"
718,Essaouira,4,"16 rue de Magdebourg, Paris, Ile-de-France, France"
719,Taberna Mogador,4,"Calle Bernabe Fernandez 24, Torre del Mar, Costa del Sol, Province of Malaga, Andalucia, Spain"
720,The Larder Bethnal Green,3.5,"241-243 Globe Road, London, England, United Kingdom"
721,Falafel Plus Arabia,4.5,"Rue Rhal Ben Ahmed, Marrakech, Marrakech-Safi, Morocco"
722,Restaurant Cacher Wasabi,4.5,"17, Rue De Yougoslavie, Marrakech, Marrakech-Safi, Morocco"
723,Patisserie Belkabir Medina,5,"Souk Semmarine N11, Marrakech, Marrakech-Safi, Morocco"
724,Les Trois Saveurs,4.5,"1, Derb Sahb, Bab Doukkala, Marrakech, Marrakech-Safi, Morocco"
725,Restaurant Koutoubia Royal,5,"number 87 BD Rmila. Rue Fatima Zahra, Marrakech, Marrakech-Safi, Morocco"
726,Cafe 113,5,"15 Rue Lobnane, Marrakech, Marrakech-Safi, Morocco"
727,Casablanca Moroccan Kitchens,5,"6919 Melrose Ave, Los Angeles, California"
728,Moggo,5,"Oasis 2, Rue Imam Majja, Marrakech, Marrakech-Safi, Morocco"
729,Hatari Restaurant,4.5,"Route de Targa, Av. de la 4eme DMM, Marrakech, Marrakech-Safi, Morocco"
730,Restaurant Goytisolo,5,"89 Passage Prince Moulay Rachid, Marrakech, Marrakech-Safi, Morocco"
731,Mango Zen Pool & Restaurant,4.5,"Route de fes, Marrakech, Marrakech-Safi, Morocco"
732,Restaurant Imilale,4.5,"47 Rue Mohamed El Bakkal, Marrakech, Marrakech-Safi, Morocco"
733,Dar Tadout,5,"Ait Ourir Hay Ait Lcadi, Ait Ourir, Marrakech-Safi, Morocco"
734,Bidaya Sunset Bar by Almaha,5,"55 derb ben zina la kasbah, Marrakech, Marrakech-Safi, Morocco"
735,Tizi Ait Barka,4.5,"N9, Marrakech-Safi, Morocco"
736,Cafe Kech Wink,5,"Roux Batiment 1 Houmane el Fetouaki, Marrakech, Marrakech-Safi, Morocco"
737,Arancino,4.5,"Four Seasons Resort Marrakech, Marrakech, Marrakech-Safi, Morocco"
738,L'Orangerie,5,"Rue Harroun Errachid, Marrakech, Marrakech-Safi, Morocco"
739,Grill Bar Restaurant Casher,4.5,"Av. du President Kennedy, Marrakech, Marrakech-Safi, Morocco"
740,L'italiano,5,"Av. Du Colonel Gazeille, Marrakech, Marrakech-Safi, Morocco"
741,Le Rolls -s Restaurant Bar,4.5,"6, Angle Draa, Marrakech, Marrakech-Safi, Morocco"
742,La Broche,4.5,"232 Boulevards Mohamed V, Marrakech, Marrakech-Safi, Morocco"
743,La Grande Table Marocaine,4,"Rue Abou Abbas El Sebti, Marrakech, Marrakech-Safi, Morocco"
744,Taj Medina,5,"N _ 4 Rue Riad Laarouss, Marrakech, Marrakech-Safi, Morocco"
745,Al Ain,4.5,"BP 2470 Km 12 route d'Amizmiz, Marrakech, Marrakech-Safi, Morocco"
746,Starbucks,4.5,"2690 Broadway, New York City, New York"
747,Casablanca Restaurant,4.5,"3516 Fair Oaks Blvd, Sacramento, California"
748,Cafe Atlas,4.5,"23 -27 Glass Arcade, Bristol, England, United Kingdom"
749,Snack Derb Dabachi,5,"Rue Kennaria 31, Marrakech, Marrakech-Safi, Morocco"
750,Beach Mama Marrakech,4.5,"Les Jardins De L'atlas Km 13 Route De L'ourika, Marrakech, Marrakech-Safi, Morocco"
751,Cannery Restaurant,4.5,"48 John St, Niagara-on-the-Lake, Ontario, Canada"
752,Flor da Laranja,4.5,"R. da Rosa, Lisbon, Lisbon District, Central Portugal, Portugal"
753,Azou,4.5,"375 King Street, London, England, United Kingdom"
754,Le Cuisto Traditionnel,4.5,"Angle Abderrahmane Sahraoui et Houssine ben Ali,N_3-City Park, Casablanca, Casablanca-Settat, Morocco"
755,Le Marrakech,4,"28 avenue Edouard Herriot, Brive-la-Gaillarde, Correze, Nouvelle-Aquitaine, France"
756,Broadway Bagel,4.5,"2658 Broadway, New York City, New York"
757,Cafe Clock Chefchaouen,4.5,"3 Derb Tijani, Chefchaouen, Tanger-Tetouan-Al Hoceima, Morocco"
758,Al-Medina,4.5,"Calle San Roque 13, Seville, Province of Seville, Andalucia, Spain"
759,Il-Baxa Cafe Bar,4.5,"41 Triq Il-Kbira, Rabat, Island of Malta, Malta"
760,Restaurante Arabel Halal  Marrakech,4.5,"Carrer de Bejar, 87, Barcelona, Catalonia, Spain"
761,Le Marrakech,4.5,"6 rue Leonard Limosin, Limoges, Haute-Vienne, Nouvelle-Aquitaine, France"
762,Le Marrakech,4.5,"13 bd Louis Franchet D Esperey, Lorient, Morbihan, Brittany, France"
763,Restaurante Marrakech,4.5,"Calle Cordonerias 3, Toledo, Province of Toledo, Castile-La Mancha, Spain"
764,La Porte du Marrakech,4.5,"Toualet Kennaria No 78, Marrakech, Marrakech-Safi, Morocco"
765,Royal Golf Marrakech -Restaurant,4,"Route du Golf Royal, Marrakech, Marrakech-Safi, Morocco"
766,Cafe Marrakech,3,"Rue de la Skala, Essaouira, Marrakech-Safi, Morocco"
767,Restaurante Marrakesh,4.5,"Avenida Conde de Valbom 53, Lisbon, Lisbon District, Central Portugal, Portugal"
768,Taberna da Esperanca,4.5,"Rua da Esperanca 112, Lisbon, Lisbon District, Central Portugal, Portugal"
769,Restaurant Lounge MB,4.5,"12 Rue Ahmed Chaouki, Fes, Fes-Meknes, Morocco"
770,Isabelle's,4.5,"2937 Beach Blvd S, Gulfport, Florida"
771,Blue Toque Diner,4.5,"601 1st Avenue, Fernie, Kootenay Rockies, British Columbia, Canada"
772,Basmane,4,"Angle boulevard de l'ocean atlantique et boulevard de la corniche ain diab, Casablanca, Casablanca-Settat, Morocco"
773,Ecco Pizzeria,4,"93 Otley Road, Leeds, West Yorkshire, England, United Kingdom"
774,Jasper's Corner Tap & Kitchen,4,"401 Taylor St, San Francisco, California"
775,Le  Marrakech,4,"60 rue de Strasbourg, Chalon-sur-Saone, Saone-et-Loire, Bourgogne-Franche-Comte, France"
776,La Tour de Marrakech,4,"72 avenue de la Division Leclerc, Antony, Hauts-de-Seine, Ile-de-France, France"
777,Malaika Riad & Table D’Hotes,5,"Derb Zayan No 17, Essaouira, Marrakech-Safi, Morocco"
778,Restaurant Des Reves Essaouira,4.5,"2 Avenue Sidi Mohmed Ben Abdallah, Essaouira, Marrakech-Safi, Morocco"
779,Ice Rolls Marrakech,4.5,"6 Avenue Mohammed VI, Marrakech, Marrakech-Safi, Morocco"
780,Restaurant Populaire Marrakech,4.5,"Rue Bani Marine, Marrakech, Marrakech-Safi, Morocco"
781,Cafe Lounge Marrakesh,4,"Budecska 1005/12, Prague, Bohemia, Czech Republic"
782,YAFO Kitchen,4.5,"720 Governor Morrison St, Charlotte, North Carolina"
783,Al Farid,5,"26 Holywell Hill, St. Albans, Hertfordshire, England, United Kingdom"
784,Vert Midi,3.5,"234 Avenue Mohammed VI, Marrakech, Marrakech-Safi, Morocco"
785,Shokran,4.5,"4027 W Irving Park Rd, Chicago, Illinois"
786,Hanna's Gourmet,4.5,"2864 Adams Ave, San Diego, California"
787,Teteria Palacio Nazari,3.5,"Calle San Agustin, Malaga, Costa del Sol, Province of Malaga, Andalucia, Spain"
788,Chez Hicham,5,"84 Boulevard Mohamed, Marrakech, Marrakech-Safi, Morocco"
789,La Table d'Antoine - Le Social Club,5,"Rue Oued El makhazine, Marrakech, Marrakech-Safi, Morocco"
790,Le Palais Imperial,4.5,"Mail Saint Martin, Cambrai, Nord, Hauts-de-France, France"
791,Patisserie Corne De Gazelle Chez Brahim,5,"N_ 137 Rue Riad Zitoun El Jdid, Marrakech, Marrakech-Safi, Morocco"
792,Casablanca,4.5,"D L F Golf Course Road, Gurugram (Gurgaon), Gurgaon District, Haryana, India"
793,Bethsabee,5,"Arsat Maach, 91 Avenue Hommane Fetouak, Marrakech, Marrakech-Safi, Morocco"
794,Riad Princesse Du Desert,5,"N67 Derb Habib Allah, Marrakech, Marrakech-Safi, Morocco"
795,Moroccan Food & More,4.5,"39 Rue Mohamed El Bakkal, Marrakech, Marrakech-Safi, Morocco"
796,The good bun,4.5,"7 avenue Mohamed 6, Sergent levet, Marrakech, Marrakech-Safi, Morocco"
797,Airlines Hotel Restaurant,3.5,"4 Madras Bank Road, Bengaluru, Bangalore District, Karnataka, India"
798,Chez Mounir,4.5,"Centre Cascades d'Ouzoud, Ouzoud, Beni Mellal-Khenifra, Morocco"
799,Bocaito Andalusi Halal,4.5,"Paseo de la Victoria, Cordoba, Province of Cordoba, Andalucia, Spain"
800,Nomad Restaurant,4,"78 2nd Avenue, New York City, New York"
801,L'Etoile Centrale,4,"107 rue Allal ben Abdellah, Casablanca, Casablanca-Settat, Morocco"
802,Shore Club Hotel,4,"1901 Collins Ave, Miami, Florida"
803,Le Relais des Artistes,4,"N_94 - Derb Boutouil, Marrakech, Marrakech-Safi, Morocco"
804,Bacha Coffee,4,"#01-15/16, Singapore, Singapore"
805,Sandflames Gourmet Grill,3.5,"Victoria Road, London, England, United Kingdom"
806,D Bodega,3.5,"Blvd Mohammed VI, Marrakech, Marrakech-Safi, Morocco"
807,Cafe Restaurant Tagudalt,3,"N9, Ouarzazate, Draa-Tafilalet, Morocco"
808,The Cat Lounge,3.5,"Avenue Mohammed VI, Marrakech, Marrakech-Safi, Morocco"
809,McDonald's McDrive,3.5,"Route de Casablanca, Marrakech, Marrakech-Safi, Morocco"
810,Salad8ox,3.5,"Hivernage, Marrakech, Marrakech-Safi, Morocco"
811,Stork,4,"Rue de La Kasbah, Marrakech, Marrakech-Safi, Morocco"
812,Restaurant Hotel Chez Juju,4,"Station de ski Oukaimeden, Oukaimeden, Marrakech-Safi, Morocco"
813,La Kasbah de l'Ourika,4,"Rte de l'Ourika , KM 45, Marrakech, Marrakech-Safi, Morocco"
814,Restaurant Assala,4,"2 Chrabliyenne Rue Talaa Kebira Fes Medina, Fes, Fes-Meknes, Morocco"
815,Le Coin des Artistes,4,"32 Rue Isisco Boujloud, Fes, Fes-Meknes, Morocco"
816,Hadiqa,4,"40 Irwin St, Perth, Greater Perth, Western Australia, Australia"
817,La Table Du Marche Gourmet Market Carre Eden,3.5,"Avenue Mohammed V, Marrakech, Marrakech-Safi, Morocco"
818,Le Bar Majorelle,3,"Avenue Bab Jdid, Marrakech, Marrakech-Safi, Morocco"
819,Yassalam Restaurant,3.5,"N9 Rue des Banques, Marrakech, Marrakech-Safi, Morocco"
820,La Villa Blanche,4,"Baie des Palmiers secteur No50 cite Founty, Agadir, Souss-Massa, Morocco"
821,Wanha Hullu Poro,4,"Rakkavaarantie 5, Levi, Lapland, Finland"
822,Chez Said,4,"Bab Boujloud, Fes, Fes-Meknes, Morocco"
823,Dar el Bacha Coffee Room & Boutique,5,"Route Sidi, Marrakech, Marrakech-Safi, Morocco"
824,Riad Lotus Privilege,5,"245 Avenue Med V, Marrakech, Marrakech-Safi, Morocco"
825,MOBB House,5,"Magazin Numero 3 Centre D Affair Anas Route De Tar, Marrakech, Marrakech-Safi, Morocco"
826,Le Coq Hardi,5,"Pond Ouad Zat, Ouarzazate, Draa-Tafilalet, Morocco"
827,The Cellar Kitchen,3.5,"42 Pioneer Ave, Rowland Flat, Barossa Valley, South Australia, Australia"
828,Six By Nico,3.5,"1 Molesworth Pl, Dublin 2, Dublin, County Dublin, Ireland"
829,Hotel Restaurant Imperial Peace la Paix,3,"Avenue de la Marche Verte Hay Riad, Ifrane, Fes-Meknes, Morocco"
830,Ecco Pizza,3.5,"90 Street Lane, Leeds, West Yorkshire, England, United Kingdom"
831,Sandro Kortteli,3,"Urho Kekkosen Katu 1, Helsinki, Uusimaa, Finland"
832,La Perle Patisserie,3.5,"39-41 Wicker, Sheffield, South Yorkshire, England, United Kingdom"
833,Cafe Paprika,4.5,"734 Washington St, Norwood, Massachusetts"
834,Schumann's Bar,3.5,"Odeonsplatz 6+7, Munich, Upper Bavaria, Bavaria, Germany"
835,The Peacock Inn Chelsworth,4.5,"37 The Street, Chelsworth, Babergh District, Suffolk, East Anglia, England, United Kingdom"
836,Restaurant Gout de Meknes,4.5,"N_ 2 Rue Kerstoune en face de la grande mosquee, Meknes, Fes-Meknes, Morocco"
837,Teteria Almedina,4.5,"Calle Paz 2, Almeria, Province of Almeria, Andalucia, Spain"
838,La Pigeot,4,"16 rue Alexis Julien, Valbonne, French Riviera - Cote d'Azur, Provence-Alpes-Cote d'Azur, France"
839,Restaurant Chez Dimitri,4,"22 Avenue Mohamed V, Ouarzazate, Draa-Tafilalet, Morocco"
840,Bab Dar Moroccan Kitchen,4,"Chaussee de Charleroi 85, Brussels, Belgium"
841,Muchaxo,3,"Estrada do Guincho, Cascais, Lisbon District, Central Portugal, Portugal"
842,Cactus cafe Marrakech,5,"Avenue Abdelkrim Khettabi, Marrakech, Marrakech-Safi, Morocco"
843,The Dining Room at L'Hotel Marrakech,5,"41 Derb Sidi Lahcen ou Ali, Marrakech, Marrakech-Safi, Morocco"
844,Marrakech Restaurang,4.5,"Valhallavagen 193, Stockholm, Sweden"
845,Marrakech Restaurant,4.5,"5 Bangui Street, Abuja, Federal Capital Territory, Nigeria"
846,Marrakech,4.5,"26 rue Marie Davy, Clamecy, Nievre, Bourgogne-Franche-Comte, France"
847,Le Marrakech,4.5,"111 rue de Paris, Valenciennes, Nord, Hauts-de-France, France"
848,Marrakesch Aragana,4.5,"Olgastrasse 91, Ulm, Baden-Wurttemberg, Germany"
849,Cafe & Resto Marrakech,4.5,"Cap Marina, Monastir, Monastir Governorate, Tunisia"
850,Yoka Sushi,4,"232 boulevard Mohamed 5, Marrakech, Marrakech-Safi, Morocco"
851,Art i pa andorra,4,"Bonaventura ribaraguaya, Andorra la Vella, Andorra la Vella Parish, Andorra"
852,Cafe Chez Sarghini,4,"Rue Azbezt, Marrakech, Marrakech-Safi, Morocco"
853,Koutoubia,4,"2116 Westwood Blvd, Los Angeles, California"
854,Venezia Ice,3,"Rue Zahla, Rabat, Rabat-Sale-Kenitra, Morocco"
855,Zaman Food,4,"N 80 Rue Fatima Ezzaha Baby Doukkala, Marrakech, Marrakech-Safi, Morocco"
856,Terrasse La Cigogne,3.5,"112 Riad Zitoun Lakdim, Marrakech 40000 15 M, Marrakech, Marrakech-Safi, Morocco"
857,Sandro Ratina,4,"Vuolteenkatu 5, Tampere, Pirkanmaa, Finland"
858,Le Printemps,4,"Boulevard El Mansour Eddahbi, Angle Rue El Beqal, Marrakech, Marrakech-Safi, Morocco"
859,Boston Coffee Restaurant,4,"Bd Allal Al Fassi, Marrakech, Marrakech-Safi, Morocco"
860,Kasar el Hamra,4,"28 Sabt Ben Daoud, Marrakech, Marrakech-Safi, Morocco"
861,Restaurant Atlas,4,"rue Chaponniere 16, Geneva, Switzerland"
862,Juice Bar,4,"Avenue Yacoub El Mansour, Marrakech, Marrakech-Safi, Morocco"
863,British Airways Lounge,3.5,"Perimeter Road East, Crawley, West Sussex, England, United Kingdom"
864,The a la menthe,4,"Faelledvej 14, Copenhagen, Zealand, Denmark"
865,HSandCo,3.5,"405 High Street, London, England, United Kingdom"
866,Dolce Freddo,4,"Place Hassan II, Essaouira, Marrakech-Safi, Morocco"
867,GB Roof Garden,4.5,"1 Vasileos Georgiou A_ Str., Athens, Attica, Greece"
868,Cafe Marrakech,1.5,"Chardin St., 15, Tbilisi, Georgia"
869,Bab Marrakech,5,"Evthanoforos 10, Athens, Attica, Greece"
870,Le Marrakech,4.5,"Boulevard Paul Martin Nalin, Manosque, Alpes-de-Haute-Provence, Provence-Alpes-Cote d'Azur, France"
871,Eat Thai Marrakech,4.5,"Angle Mohamed 5 et Rue El Mouatamid Ben Abbad, Marrakech, Marrakech-Safi, Morocco"
872,Croque & craque - Marrakech,5,"19 Rue de L'academie, Marrakech, Marrakech-Safi, Morocco"
873,Little Mamma Marrakech,3.5,"55 Boulevard Zerktouki Gueliz, Marrakech, Marrakech, Marrakech-Safi, Morocco"
874,Le Palais  de Marrakech,4.5,"7 Place de l'Hotel de ville, Chateau-Thierry, Aisne, Hauts-de-France, France"
875,Restaurant Marrakech,4.5,"28 boulevard des Allies, Calais, Pas-de-Calais, Hauts-de-France, France"
876,Tajine Marrakech,4.5,"Grafenstr. 37, Darmstadt, Hesse, Germany"
877,Cafe Restaurant Nesto Marrakech,5,"Boulevard Yacoub Marini, Marrakech, Marrakech-Safi, Morocco"
878,Marrakech Palmeraie,4.5,"107 Rue Georges Lenotre, Rambouillet, Yvelines, Ile-de-France, France"
879,Bor'kan Marrakech,5,"4 Rue Rhal Ben Ahmed, Marrakech, Marrakech-Safi, Morocco"
880,Marrakech Tarragona,5,"Plaza Sedassos , 5 - Cp 43007, Tarragona, Costa Dorada, Province of Tarragona, Catalonia, Spain"
881,Calle Ocho Marrakech,4.5,"4 Rue Moulay Ali, Marrakech, Marrakech-Safi, Morocco"
882,Ahlan Business Class Lounge,5,"Dubai, Emirate of Dubai, United Arab Emirates"
883,Le Marrakech,4,"149 T avenue du Marechal Foch, Les Mureaux, Yvelines, Ile-de-France, France"
884,OSMOZ Marrakech,4,"N_10, Avenue Mohamed VI, Marrakech, Marrakech-Safi, Morocco"
885,Restaurant Marrakech,3.5,"Avenue des Nation Unies, El Jadida, Casablanca-Settat, Morocco"
886,Le Marrakech,4,"7 avenue Philippe Auguste, Paris, Ile-de-France, France"
887,Marrakech,3.5,"Van Woustraat 119, Amsterdam, North Holland Province, The Netherlands"
888,Marrakech Restaurant,4,"Lagoona Mall, Doha, Qatar"
889,BED MARRAKECH,4,"Palais Soltan Avenue Mohamed VI, Marrakech, Marrakech-Safi, Morocco"
890,Restaurant Marrakech,3.5,"Rue Ain Nedjar, Mansoura, Tlemcen Province, Algeria"
891,Marrakech Restaurante Marroqui,4,"Calle Hileras 12, Madrid, Spain"
892,L'Etoile de Marrakech,4,"35 rue Gambetta, Chateaudun, Eure-et-Loir, Centre-Val de Loire, France"
893,Le Marrakech,4,"101 boulevard du Front de Mer, Bormes-Les-Mimosas, French Riviera - Cote d'Azur, Provence-Alpes-Cote d'Azur, France"
894,Marrakech Ground Zero,2,"279 Avenue Mohammed VI, Marrakech, Marrakech-Safi, Morocco"
895,JSet Marrakech,4,"Interieur du Complexe Prestigia Avenue Mohamed VI, Marrakech, Marrakech-Safi, Morocco"
896,The LOFT,4.5,"5 Rue Hajjali, Essaouira, Marrakech-Safi, Morocco"
897,Le Moon Marrakech,5,"Boulevard Mohamed V , Marrakech, Marrakech-Safi, Morocco"
898,L'Auberge de Marrakech,4.5,"21 Place de l Eglise, St.-Thibault-des-Vignes, Marne-la-Vallee, Seine-et-Marne, Ile-de-France, France"
899,Restaurant Le Marrakech,4.5,"221 rue Pierre Brossolette, Noisy-le-Grand, Seine-Saint-Denis, Ile-de-France, France"
900,Lounge Cafe Marrakech,4.5,"Pervomaiskaya St., 10, Yaroslavl, Yaroslavl Oblast, Central Russia, Russia"
901,PilPil Marrakech,4.5,"63 Rue Mohamed El Bakkal, Marrakech, Marrakech-Safi, Morocco"
902,Le Riad de Marrakech,4.5,"1 rue Emile Tabarant, Laroche-Saint-Cydroine, Yonne, Bourgogne-Franche-Comte, France"
903,La Palmeraie de Marrakech,4.5,"20 rue Lucie Diemer Duperret, Montbeliard, Doubs, Bourgogne-Franche-Comte, France"
904,Le Riad de Marrakech,4.5,"2 B avenue de Paris, Bonneuil-sur-Marne, Val-de-Marne, Ile-de-France, France"
905,Les Terrasses De Marrakech,4.5,"15 rue des Glacis, Ajaccio, Communaute d'Agglomeration du Pays Ajaccien, Corse-du-Sud, Corsica, France"
906,Be Live Collection Marrakech,5,"Sinon Parlez Avec Nous, Marrakech, Marrakech-Safi, Morocco"
907,Carmine's,4,"1043 N Rush St, Chicago, Illinois"
908,Workshop Kitchen & Bar,4,"800 N Palm Canyon Dr, Palm Springs, Greater Palm Springs, California"
909,The Ruined Garden,4,"Siaj, Sidi Ahmed Chaoui, Fes, Fes-Meknes, Morocco"
910,Casa di David,4,"Singel 426, Amsterdam, North Holland Province, The Netherlands"
911,Cafe Clock,4,"7 Derb Magana, Fes, Fes-Meknes, Morocco"
912,Horia - Oriental Natural Eatery,4.5,"Borgval 7, Brussels, Belgium"
913,Restaurant Marrakech,3.5,"Chemin Des Dunes, Agadir, Souss-Massa, Morocco"
914,Manuella Marrakech,4,"Avenue De Paris, Marrakech, Marrakech-Safi, Morocco"
915,Au Palais De Marrakech,4,"34 Route d Orleans, Montlhery, Essonne, Ile-de-France, France"
916,Les Jardins De Marrakech,3,"114 rue Elie Wiesel, Montpellier, Herault, Occitanie, France"
917,Le Palais de Marrakech,4,"Le Palais de Marrakech, Meru, Oise, Hauts-de-France, France"
918,Madison Marrakech,4,"232 Avenue Mohammed VI, Marrakech, Marrakech-Safi, Morocco"
919,Los Fogones de Marrakech,4,"Calle de Martinez de La Riva 19, Madrid, Spain"
920,Marrakech Cuisine,4,"Jl. Wolter Monginsidi No. 39, Jakarta, Java, Indonesia"
921,Le Marrakech,4,"5 Rue Jean Gresset, Amiens, Somme, Hauts-de-France, France"
922,Le Marrakech,3.5,"240 avenue de Stalingrad, Chevilly Larue, Val-de-Marne, Ile-de-France, France"
923,Le Comptoir Marrakech,4,"10 rue Praire, Saint-Etienne, Loire, Auvergne-Rhone-Alpes, France"
924,Pizzeria Marrakech,3,"Via Aldo Moro 1, Sciacca, Province of Agrigento, Sicily, Italy"
925,Soleil de Marrakech,4,"3 rue de la Juiverie, Nantes, Loire-Atlantique, Pays de la Loire, France"
926,Le Marrakech,2.5,"Block 324, Road 4041 , Building 1579, Manama, Bahrain"
927,Olive & Oil,4,"15 Chartwell Drive, Umhlanga Rocks, KwaZulu-Natal, South Africa"
928,Kazbar,4.5,"25-27 Cowley Road, Oxford, Oxfordshire, England, United Kingdom"
929,Azouma Restaurant,4.5,"4 Church Street, Canterbury, Kent, England, United Kingdom"
930,A Taste of Sahara,4.5,"103 Western Road, Brighton, East Sussex, England, United Kingdom"
931,Patrimoine Kabyle,5,"30 rue Nicolas Leblanc, Lille, Nord, Hauts-de-France, France"
932,Artezzan Restaurant & Bar,5,"Chester, CH1 1DF 33 Pepper Street, Chester, Cheshire, England, United Kingdom"
933,Sortie Club & Dining,3,"Muallim Naci Cad. No: 54, Istanbul, Turkiye"
934,Charrua Madrid,4.5,"Calle del Conde de Xiquena 4, Madrid, Spain"
935,Tangiers Mediterranean Food & Cafe,4.5,"2800 N College Ave, Fayetteville, Arkansas"
936,Restaurante Virtudes,5,"Praca Sao Tiago Nr 13 15, Guimaraes, Braga District, Northern Portugal, Portugal"
937,Chez Michel Et Hafida,4.5,"Stall 192, Marche Central, Casablanca, Casablanca-Settat, Morocco"
938,Restaurant Tresor Fes,5,"1 Derb Mokri, Fes, Fes-Meknes, Morocco"
939,Arabia Cafe-Restaurant,4.5,"Carrer dels Escudellers, 25, Barcelona, Catalonia, Spain"
940,Kalita,4.5,"31 Kalogera, Mykonos Town, Mykonos, Cyclades, South Aegean, Greece"
941,El Toro,4.5,"N_ 7 Front de Mer Agadir, Agadir, Souss-Massa, Morocco"
942,Le Petit Marrakech,4.5,"Route de la Pala, Bulle, La Gruyere, Canton of Fribourg, Switzerland"
943,pizza yassine,5,"54 Derb Dabachi, Marrakech, Marrakech-Safi, Morocco"
944,Allotangia,5,"Avenue Prince Moulay Abdellah, Marrakech, Marrakech-Safi, Morocco"
945,La Gambas,5,"43 Rue Mauritanie, Marrakech, Marrakech-Safi, Morocco"
946,Retro Burger,5,"Rue Mohamed EL Beqal 41, Marrakech, Marrakech-Safi, Morocco"
947,Umami-m,5,"Boulevard Mohammed 6, Marrakech, Marrakech-Safi, Morocco"
948,Les Caves Saint Clement,4.5,"5 Rue de la Liberte, Gueliz-Marrakech, Marrakech, Marrakech-Safi, Morocco"
949,Korean Barbecue,5,"Almazar Shopping Centre, Marrakech, Marrakech-Safi, Morocco"
950,Table d'hotes Riad Sara,4.5,"120, Derb Arset Awzel, Marrakech, Marrakech-Safi, Morocco"
951,Nr 8,5,"Jemaa El Fna, Marrakech, Marrakech-Safi, Morocco"
952,Le Labo Africain,5,"5 Av. 4eme D.M.M, Marrakech, Marrakech-Safi, Morocco"
953,Riad Jomana,4.5,"62 Derb Arset Aouzal, Marrakech, Marrakech-Safi, Morocco"
954,Riad Del Gusto,5,"28 Rue Abnaq, Marrakech, Marrakech-Safi, Morocco"
955,Rest'o Senegal,4.5,"Rue Charaf, Marrakech, Marrakech-Safi, Morocco"
956,Snack Bachar,5,"Rue Riad Zitoun El Kdim, Marrakech, Marrakech-Safi, Morocco"
957,Samakhouse,5,"Massira 1, Marrakech, Marrakech-Safi, Morocco"
958,Restaurant,5,"Boulevard Mohammed V, Marrakech, Marrakech-Safi, Morocco"
959,DELICES DADA,4.5,"6 Rue de La Liberte Gueliz, Marrakech, Marrakech-Safi, Morocco"
960,Le Votre,4.5,"70, 80 Bab Ftouh, Marrakech, Marrakech-Safi, Morocco"
961,Restaurant Janat,5,"10 Hart Soura Medina, Marrakech, Marrakech-Safi, Morocco"
962,Patisserie Jaouda,4.5,"Rue de la Liberte Gueliz Marrakech, Marrakech, Marrakech-Safi, Morocco"
963,Shawermaji,5,"Rue Mouzdalifa, En Face De la Pastisserie Le Votre, Marrakech, Marrakech-Safi, Morocco"
964,Cafe 1913,5,"AV. Med. V. 42. Gueliz Marrakech, Marrakech, Marrakech-Safi, Morocco"
965,Falafel Rooftop House,5,"19 Derb El Hanch, Marrakech, Marrakech-Safi, Morocco"
966,Cafe De L'artist,5,"64 Trik Ben Saleh, Marrakesh 40030, Marrakech, Marrakech-Safi, Morocco"
967,Tajine Beldy,4.5,"Essaouira, Marrakech-Safi, Morocco"
968,Restaurant Chez Cidrek,4.5,"Rue Bani Marine N 41, Marrakech, Marrakech-Safi, Morocco"
969,Tilila Garden,4.5,"Km 47, Aghbalou, sitti Fadma, Ourika, Marrakech-Safi, Morocco"
970,Marrakech Bar,4.5,"Rua Jose Martins Caldeira 1, Palmela, Setubal District, Alentejo, Portugal"
971,DSTAGE,4.5,"Calle de Regueros, 8, Madrid, Spain"
972,El Fishawi,4,"Midan Hussein, Cairo, Cairo Governorate, Egypt"
973,Le Casablanca,4.5,"55 By Ward Market Sq, Ottawa, Ontario, Canada"
974,Darna Restaurante,5,"Calle Casapalma 11, Malaga, Costa del Sol, Province of Malaga, Andalucia, Spain"
975,Antouki,4.5,"Route de Taddert, Casablanca, Casablanca-Settat, Morocco"
976,Rockfeller Restaurant English Pub,4.5,"128 Boulevard D'anfa, Casablanca, Casablanca-Settat, Morocco"
977,Restaurant Du Maroc,4.5,"Comeniusstraat 513, Amsterdam, North Holland Province, The Netherlands"
978,Jacques,5,"30-32 Rue du Sentier, Paris, Ile-de-France, France"
979,Espace Olives,5,"Rue Ouarzazat Touama, Ait Ourir, Marrakech-Safi, Morocco"
980,Jamaal el Fna,5,"84 avenue du General Leclerc, Limoges, Haute-Vienne, Nouvelle-Aquitaine, France"
981,"Bar Restaurante Marrakech, Sevilla",5,"Calle de San Juan Bosco 55, Seville, Province of Seville, Andalucia, Spain"
982,Restaurant le Marrakech,4.5,"75 boulevard de la Tour D Auvergne, Rennes, Ille-et-Vilaine, Brittany, France"
983,L'Oasis de Marrakech,4.5,"1 rue des Coquelicots, Longjumeau, Essonne, Ile-de-France, France"
984,O Marrakech 95,4.5,"58 avenue de Paris, L'Isle-Adam, Val-d'Oise, Ile-de-France, France"
985,Marrakech Evolution,5,"Via Buccari 112, Bari, Province of Bari, Puglia, Italy"
986,Marrakech Gourmet,4.5,"64 rue d Anjou, Versailles, Yvelines, Ile-de-France, France"
987,Restaurant le marrakech(sasu el baraka),4.5,"19 rue de Vertpre, Nevers, Nievre, Bourgogne-Franche-Comte, France"
988,Panineria Kebab Marrakech,5,"Via Torino, Palermo, Province of Palermo, Sicily, Italy"
989,Restaurant Relais de Paris & Lounge Marrakech,5,"Zone de l'agdal, Boulevard Mohamed VI, Marrakech, Morocco, Marrakech, Marrakech-Safi, Morocco"
